product,units_sold,total_revenue
"PAPER CRAFT , LITTLE BIRDIE",80995,168469.6
REGENCY CAKESTAND 3 TIER,12402,142592.95
WHITE HANGING HEART T-LIGHT HOLDER,36725,100448.15
JUMBO BAG RED RETROSPOT,46181,85220.78
MEDIUM CERAMIC TOP STORAGE JAR,77916,81416.73
POSTAGE,3120,77803.96
PARTY BUNTING,15291,68844.33
ASSORTED COLOUR BIRD ORNAMENT,35362,56580.34
Manual,7173,53779.93
RABBIT NIGHT LIGHT,27202,51346.2
CHILLI LIGHTS,9650,46286.51
PAPER CHAIN KIT 50'S CHRISTMAS,15617,42660.83
PICNIC BASKET WICKER 60 PIECES,61,39619.5
BLACK RECORD COVER FRAME,11406,39064.55
JUMBO BAG PINK POLKADOT,20165,37289.59
DOORMAT KEEP CALM AND COME IN,5342,35913.85
SPOTTY BUNTING,7639,35539.25
WOOD BLACK BOARD ANT WHITE FINISH,5921,34478.01
SET OF 3 CAKE TINS PANTRY DESIGN,7020,33347.8
JAM MAKING SET WITH JARS,8151,32662.97
JUMBO BAG STRAWBERRY,16807,30644.2
VICTORIAN GLASS HANGING T-LIGHT,22433,28776.51
HEART OF WICKER LARGE,9591,28520.95
HEART OF WICKER SMALL,16775,28228.64
LUNCH BAG RED RETROSPOT,17697,28048.45
SET OF 3 REGENCY CAKE TINS,5856,26625.68
JUMBO BAG APPLES,13887,26451.26
ALARM CLOCK BAKELIKE RED,7221,25925.2
PAPER CHAIN KIT VINTAGE CHRISTMAS,9433,25669.27
DOORMAT RED RETROSPOT,3901,25397.85
GIN + TONIC DIET METAL SIGN,11519,24988.98
ROSES REGENCY TEACUP AND SAUCER,9132,24865.6
SPACEBOY LUNCH BOX,13919,24694.59
HOT WATER BOTTLE KEEP CALM,5338,24426.3
NATURAL SLATE HEART CHALKBOARD,8480,24245.52
JUMBO BAG ALPHABET,12540,24175.0
PLEASE ONE PERSON METAL SIGN,11963,23930.92
RED  HARMONICA IN BOX,20975,23793.93
DOORMAT UNION FLAG,3625,23697.99
JUMBO  BAG BAROQUE BLACK WHITE,12793,23675.04
CHOCOLATE HOT WATER BOTTLE,5160,23624.24
POPCORN HOLDER,30931,23427.71
REGENCY TEAPOT ROSES,2666,23073.32
BAKING SET 9 PIECE RETROSPOT,4797,23007.55
DOORMAT NEW ENGLAND,3721,22968.25
CREAM HEART CARD HOLDER,8195,22715.57
VINTAGE UNION JACK MEMOBOARD,3255,22709.13
RED HANGING HEART T-LIGHT HOLDER,7759,22624.69
ROUND SNACK BOXES SET OF4 WOODLAND,8100,22175.52
SET OF TEA COFFEE SUGAR TINS PANTRY,4663,22133.83
JUMBO STORAGE BAG SUKI,11516,21790.95
DOORMAT FAIRY CAKE,3429,21187.69
JAM MAKING SET PRINTED,15055,21170.75
JUMBO BAG VINTAGE LEAF,10716,20963.93
VINTAGE UNION JACK BUNTING,2540,20962.16
ALARM CLOCK BAKELIKE GREEN,5641,20880.4
RECIPE BOX PANTRY YELLOW DESIGN,7373,20859.27
EDWARDIAN PARASOL NATURAL,3826,20696.71
JUMBO BAG VINTAGE DOILY,10636,20674.68
CREAM SWEETHEART MINI CHEST,1705,20562.92
SET OF 6 SPICE TINS PANTRY DESIGN,5372,20530.0
RETROSPOT TEA SET CERAMIC 11 PC,4248,20470.78
COOK WITH WINE METAL SIGN,10209,20315.33
JUMBO SHOPPER VINTAGE RED PAISLEY,10518,20174.23
DOLLY GIRL LUNCH BOX,11336,20129.44
SCOTTIE DOG HOT WATER BOTTLE,4259,20104.35
WOODEN PICTURE FRAME WHITE FINISH,8276,20001.65
DOORMAT HEARTS,3271,19948.81
RED TOADSTOOL LED NIGHT LIGHT,12871,19844.91
LUNCH BOX I LOVE LONDON,11094,19353.22
DOORMAT FANCY FONT HOME SWEET HOME,3088,19157.02
JUMBO BAG OWLS,10466,19076.92
PAPER BUNTING RETROSPOT,6879,18791.89
ALARM CLOCK BAKELIKE PINK,5074,18569.09
JUMBO BAG PINK VINTAGE PAISLEY,9889,18429.98
LUNCH BAG APPLE DESIGN,11565,18278.25
LUNCH BAG  BLACK SKULL.,11291,18024.55
RED RETROSPOT CAKE STAND,1809,17929.75
GREEN REGENCY TEACUP AND SAUCER,6430,17806.34
JUMBO BAG 50'S CHRISTMAS,8954,17679.72
WOODEN FRAME ANTIQUE WHITE,6282,17625.07
ROUND SNACK BOXES SET OF 4 FRUITS,6481,17604.99
ROTATING SILVER ANGELS T-LIGHT HLDR,7907,17592.52
GUMBALL COAT RACK,7688,17580.35
HOMEMADE JAM SCENTED CANDLES,12092,17521.6
FAIRY CAKE FLANNEL ASSORTED COLOUR,10082,17304.57
LUNCH BAG CARS BLUE,10820,17265.68
GROW A FLYTRAP OR SUNFLOWER IN TIN,15940,17226.2
JUMBO BAG DOILEY PATTERNS,8737,16741.26
COLOUR GLASS. STAR T-LIGHT HOLDER,5655,16570.29
SET/5 RED RETROSPOT LID GLASS BOWLS,5882,16569.58
PACK OF 72 RETROSPOT CAKE CASES,33693,16394.53
LUNCH BAG PINK POLKADOT,10254,16349.5
HAND WARMER OWL DESIGN,8115,16237.63
ASSORTED COLOURS SILK FAN,21876,16044.44
MINI PAINT SET VINTAGE,26076,16039.24
LUNCH BAG SPACEBOY DESIGN,9912,15881.2
RETROSPOT HEART HOT WATER BOTTLE,3335,15871.73
HOME BUILDING BLOCK WORD,2654,15630.96
HAND OVER THE CHOCOLATE   SIGN,8164,15539.11
JUMBO BAG WOODLAND ANIMALS,8187,15511.6
HOT WATER BOTTLE TEA AND SYMPATHY,3736,15415.22
LUNCH BAG SUKI DESIGN,9601,15384.05
JUMBO BAG SPACEBOY DESIGN,8236,15331.02
EDWARDIAN PARASOL BLACK,2779,15218.67
ANTIQUE SILVER T-LIGHT GLASS,12973,15206.42
6 RIBBONS RUSTIC CHARM,8605,14988.59
IVORY KITCHEN SCALES,1783,14788.33
PINK REGENCY TEACUP AND SAUCER,5343,14769.49
WOOD 2 DRAWER CABINET WHITE FINISH,2341,14689.87
JUMBO BAG SCANDINAVIAN BLUE PAISLEY,7757,14632.97
LUNCH BAG WOODLAND,9115,14537.11
SET OF 4 PANTRY JELLY MOULDS,11792,14180.17
HOT WATER BOTTLE I AM SO POORLY,2972,13847.28
SMALL POPCORN HOLDER,18252,13798.72
CHILDRENS CUTLERY POLKADOT PINK,3530,13796.6
WORLD WAR 2 GLIDERS ASSTD DESIGNS,54415,13586.25
DOORMAT ENGLISH ROSE,1975,13470.95
PAPER CHAIN KIT EMPIRE,4893,13435.15
RED WOOLLY HOTTIE WHITE HEART.,3707,13430.51
BREAD BIN DINER STYLE IVORY,847,13131.89
LOVE HOT WATER BOTTLE,2352,13115.4
SET 2 TEA TOWELS I LOVE LONDON,4580,13068.2
JUMBO BAG PEARS,6733,13043.24
BOX OF VINTAGE ALPHABET BLOCKS,1295,13035.66
SET/4 WHITE RETRO STORAGE CUBES,357,13007.15
VINTAGE CHRISTMAS BUNTING,2755,12994.77
SET OF 10 LED DOLLY LIGHTS,2194,12985.23
HOT BATHS METAL SIGN,6415,12832.14
HANGING HEART JAR T-LIGHT HOLDER,10980,12674.72
SET 7 BABUSHKA NESTING BOXES,1654,12665.29
CLOTHES PEGS RETROSPOT PACK 24,8418,12545.38
GARDENERS KNEELING PAD KEEP CALM,7740,12493.48
MEMO BOARD RETROSPOT  DESIGN,2786,12411.02
3 HOOK PHOTO SHELF ANTIQUE WHITE,1723,12294.38
BLACK HEART CARD HOLDER,4844,12261.9
HAND WARMER SCOTTY DOG DESIGN,6118,12248.76
RED RETROSPOT MINI CASES,1712,12216.8
GREY HEART HOT WATER BOTTLE,3156,12191.15
PLASTERS IN TIN SPACEBOY,7664,12151.8
CHRISTMAS LIGHTS 10 REINDEER,1572,12150.0
ASSORTED COLOUR MINI CASES,1719,12123.41
DOORMAT SPOTTY HOME SWEET HOME,1662,12095.67
HAND WARMER BIRD DESIGN,6001,12081.43
PAPER CHAIN KIT RETROSPOT,4307,12043.21
LUNCH BAG ALPHABET DESIGN,7554,12029.06
RECYCLING BAG RETROSPOT,6088,11942.43
DOTCOM POSTAGE,16,11906.36
RED KITCHEN SCALES,1476,11895.73
FELTCRAFT CUSHION OWL,3284,11783.05
FELTCRAFT DOLL MOLLY,4469,11762.99
PINK HAPPY BIRTHDAY BUNTING,2287,11688.15
DOUGHNUT LIP GLOSS,9662,11640.7
PLASTERS IN TIN WOODLAND ANIMALS,7307,11637.43
PACK OF 60 PINK PAISLEY CAKE CASES,24264,11629.7
PINK BLUE FELT CRAFT TRINKET BOX,10225,11629.39
WOODEN ROUNDERS GARDEN SET,1269,11601.14
IVORY DINER WALL CLOCK,1426,11587.2
REGENCY SUGAR BOWL GREEN,2956,11575.54
FELTCRAFT 6 FLOWER FRIENDS,5890,11566.39
DOORMAT WELCOME PUPPIES,2028,11544.2
LOVE BUILDING BLOCK WORD,1946,11535.56
ENAMEL FLOWER JUG CREAM,1995,11444.93
WOOD S/3 CABINET ANT WHITE FINISH,1370,11394.9
RED DINER WALL CLOCK,1352,11074.39
STRAWBERRY CERAMIC TRINKET BOX,9328,10895.52
JUMBO STORAGE BAG SKULLS,5706,10890.79
PICNIC BASKET WICKER LARGE,1194,10818.9
FELTCRAFT CUSHION RABBIT,3018,10694.81
METAL SIGN TAKE IT OR LEAVE IT,3690,10647.3
VINTAGE SNAP CARDS,13336,10447.42
TEA TIME PARTY BUNTING,2291,10445.25
RED RETROSPOT PICNIC BAG,3758,10371.66
LUNCH BAG VINTAGE DOILY,6452,10370.76
LUNCH BAG DOLLY GIRL DESIGN,6545,10360.69
LUNCH BAG DOILEY PATTERN,6482,10331.3
ALARM CLOCK BAKELIKE IVORY,2728,10285.61
PAPER BUNTING WHITE LACE,3779,10264.05
RED RETROSPOT UMBRELLA,1846,10247.47
WHITE SKULL HOT WATER BOTTLE,2702,10227.72
BAKING SET SPACEBOY DESIGN,2153,10210.89
REGENCY TEA PLATE ROSES,6575,10190.79
CLASSIC METAL BIRDCAGE PLANT HOLDER,928,10161.41
SOLDIERS EGG CUP,8821,10150.22
RED RETROSPOT CHARLOTTE BAG,12809,10125.85
BLUE HAPPY BIRTHDAY BUNTING,1950,10107.52
TRADITIONAL WOODEN SKIPPING ROPE,7919,10019.47
LUNCH BAG VINTAGE LEAF DESIGN,6225,10006.45
GARDENERS KNEELING PAD CUP OF TEA,6303,9963.39
WOODEN UNION JACK BUNTING,1734,9928.83
CHILDRENS CUTLERY POLKADOT BLUE,2524,9831.4
DOORMAT BLACK FLOCK,1787,9822.2
JUMBO BAG VINTAGE CHRISTMAS,4908,9748.34
ICE CREAM SUNDAE LIP GLOSS,7920,9668.16
LONDON BUS COFFEE MUG,4246,9666.3
SET/20 RED RETROSPOT PAPER NAPKINS,12313,9656.79
FELTCRAFT CUSHION BUTTERFLY,2698,9655.48
DOORMAT HOME SWEET HOME BLUE,1597,9635.89
CHILDRENS CUTLERY RETROSPOT RED,2492,9603.68
COLOUR GLASS T-LIGHT HOLDER HANGING,15611,9597.71
BREAD BIN DINER STYLE RED,626,9597.31
PLASTERS IN TIN CIRCUS PARADE,5952,9596.96
NO SINGING METAL SIGN,4636,9573.6
WOODEN CROQUET GARDEN SET,709,9555.98
HAND WARMER UNION JACK,4746,9550.56
DOORMAT WELCOME TO OUR HOME,1378,9468.08
PLASTERS IN TIN STRONGMAN,5885,9462.29
SET/3 RED GINGHAM ROSE STORAGE BOX,2704,9424.32
15CM CHRISTMAS GLASS BALL 20 LIGHTS,1266,9374.7
PHOTO FRAME CORNICE,3206,9365.78
ANTIQUE SILVER TEA GLASS ENGRAVED,8273,9339.34
KNITTED UNION FLAG HOT WATER BOTTLE,2469,9329.17
TRADITIONAL MODELLING CLAY,8014,9311.47
TRADITIONAL KNITTING NANCY,5895,9297.87
SET OF 4 KNICK KNACK TINS DOILY,2294,9270.5
BLUE HARMONICA IN BOX,7434,9222.63
FAWN BLUE HOT WATER BOTTLE,2925,9218.55
RED RETROSPOT ROUND CAKE TINS,975,9188.25
REGENCY TEA PLATE GREEN,5966,9184.9
PANTRY ROLLING PIN,2407,9184.28
WOODEN SCHOOL COLOURING SET,5695,9072.87
EDWARDIAN PARASOL RED,1630,9055.87
REGENCY MILK JUG PINK,3066,9008.0
REVOLVER WOODEN RULER,4917,8950.29
3 TIER CAKE TIN RED AND CREAM,652,8737.78
STRAWBERRY LUNCH BOX WITH CUTLERY,3716,8734.64
LADIES & GENTLEMEN METAL SIGN,3899,8699.13
SET OF 20 KIDS COOKIE CUTTERS,4149,8697.27
PINK CREAM FELT CRAFT TRINKET BOX,7131,8648.49
GINGERBREAD MAN COOKIE CUTTER,7204,8625.13
60 TEATIME FAIRY CAKE CASES,17689,8618.37
SET OF 6 SOLDIER SKITTLES,2297,8597.5
AREA PATROLLED METAL SIGN,4290,8552.22
VINTAGE DOILY JUMBO BAG RED,4447,8535.26
VINTAGE HEADS AND TAILS CARD GAME,7143,8531.41
JUMBO BAG PAISLEY PARK,4373,8529.24
HAND WARMER RED RETROSPOT,4274,8526.12
ENAMEL BREAD BIN CREAM,713,8519.0
"RECORD FRAME 7"" SINGLE SIZE",3812,8450.82
FAMILY ALBUM WHITE PICTURE FRAME,1075,8416.64
T-LIGHT GLASS FLUTED ANTIQUE,7336,8378.89
SWEETHEART CAKESTAND 3 TIER,892,8376.6
POTTERING IN THE SHED METAL SIGN,3926,8372.7
"SET 3 RETROSPOT TEA,COFFEE,SUGAR",1841,8354.87
BOX OF 6 MINI VINTAGE CRACKERS,3647,8350.41
SET 2 PANTRY DESIGN TEA TOWELS,2697,8323.17
FELTCRAFT BUTTERFLY HEARTS,6127,8314.55
SET OF 3 NOTEBOOKS IN PARCEL,5207,8283.75
MULTI COLOUR SILVER T-LIGHT HOLDER,10279,8269.45
BOX OF 6 MINI 50'S CRACKERS,3539,8216.79
LARGE WHITE HEART OF WICKER,2908,8184.7
HANGING JAM JAR T-LIGHT HOLDER,10528,8164.12
3 HEARTS HANGING DECORATION RUSTIC,2895,8161.21
SET 6 PAPER TABLE LANTERN HEARTS,2265,8129.43
VINTAGE RED KITCHEN CABINET,60,8125.0
ICE CREAM PEN LIP GLOSS,6607,8077.31
FELTCRAFT PRINCESS CHARLOTTE DOLL,2223,8071.51
DOORMAT MULTICOLOUR STRIPE,1419,8053.22
SET OF 6 RIBBONS VINTAGE CHRISTMAS,2843,8051.83
ALARM CLOCK BAKELIKE ORANGE,2182,7995.63
CHILDRENS CUTLERY SPACEBOY,1982,7974.38
RED METAL BOX TOP SECRET,1003,7962.03
RECIPE BOX RETROSPOT,2870,7952.9
SET OF 72 RETROSPOT PAPER  DOILIES,5680,7947.37
SET/10 RED POLKADOT PARTY CANDLES,6502,7799.18
TRAVEL SEWING KIT,4864,7787.36
GRAND CHOCOLATECANDLE,5801,7785.05
PICNIC BASKET WICKER SMALL,1427,7746.7
SET OF 3 HEART COOKIE CUTTERS,6019,7741.84
FELTCRAFT CHRISTMAS FAIRY,1896,7722.68
JUMBO BAG TOYS,4198,7689.28
ZINC FOLKART SLEIGH BELLS,4647,7665.11
HAND WARMER RED LOVE HEART,3762,7660.2
FAMILY PHOTO FRAME CORNICE,837,7646.84
BLUE DINER WALL CLOCK,907,7528.93
SET 6 SCHOOL MILK BOTTLES IN CRATE,2067,7510.29
PAINTED METAL PEARS ASSORTED,4476,7491.4
60 CAKE CASES VINTAGE CHRISTMAS,14735,7417.85
SMALL GLASS HEART TRINKET POT,3670,7412.56
PLASTERS IN TIN VINTAGE PAISLEY,4573,7346.69
OPEN CLOSED METAL SIGN,1577,7311.36
WOODLAND CHARLOTTE BAG,9237,7277.24
PACK OF 12 LONDON TISSUES,25345,7266.71
WOODEN BOX OF DOMINOES,5778,7215.95
CHOCOLATE THIS WAY METAL SIGN,3635,7208.52
SILVER HANGING T-LIGHT HOLDER,4665,7193.25
SET OF 4 KNICK KNACK TINS LONDON,1788,7170.6
FELTCRAFT PRINCESS LOLA DOLL,1964,7166.94
PACK OF 6 BIRDY GIFT TAGS,6062,7149.7
CHARLOTTE BAG SUKI DESIGN,8975,7138.65
SET OF 4 KNICK KNACK TINS DOILEY,1803,7136.85
CHRISTMAS CRAFT LITTLE FRIENDS,3468,7128.1
CREAM CUPID HEARTS COAT HANGER,1918,7125.38
ZINC METAL HEART DECORATION,5757,7108.68
SWEETHEART RECIPE BOOK STAND,1099,7084.65
RED SPOTTY BISCUIT TIN,2058,7071.2
SPACEBOY BABY GIFT SET,450,7065.5
FUNKY DIVA PEN,8328,7010.94
36 DOILIES VINTAGE CHRISTMAS,5153,7006.25
RAIN PONCHO RETROSPOT,8755,6964.63
JINGLE BELL HEART ANTIQUE SILVER,3547,6962.04
TRIPLE PHOTO FRAME CORNICE,761,6932.83
GIANT 50'S CHRISTMAS CRACKER,2635,6926.11
CLEAR DRAWER KNOB ACRYLIC EDWARDIAN,5753,6923.17
SWEETHEART CERAMIC TRINKET BOX,5757,6875.86
PACK OF 72 SKULL CAKE CASES,14309,6859.31
NATURAL SLATE CHALKBOARD LARGE,1452,6833.2
SMALL WHITE HEART OF WICKER,4283,6832.83
HANGING HEART ZINC T-LIGHT HOLDER,8470,6830.59
GIRAFFE WOODEN RULER,3710,6820.74
SET/2 RED RETROSPOT TEA TOWELS,2319,6820.01
VINTAGE CREAM DOG FOOD CONTAINER,826,6779.35
WHITE WOOD GARDEN PLANT LADDER,724,6778.81
YOU'RE CONFUSING ME METAL SIGN,4281,6762.57
RETROSPOT PARTY BAG + STICKER SET,4391,6749.23
VINTAGE DOILY TRAVEL SEWING KIT,3522,6747.9
SET 6 PAPER TABLE LANTERN STARS,1860,6739.63
RED FLORAL FELTCRAFT SHOULDER BAG,1876,6734.31
SET OF 3 BUTTERFLY COOKIE CUTTERS,5293,6718.9
LUNCH BOX WITH CUTLERY RETROSPOT,2853,6717.79
DOORMAT 3 SMILEY CATS,1107,6715.25
HOME SWEET HOME MUG,5347,6708.11
CARRIAGE,134,6686.0
CHILDS BREAKFAST SET SPACEBOY,731,6681.85
SET 40 HEART SHAPE PETIT FOUR CASES,4260,6677.0
HEART FILIGREE DOVE  SMALL,5439,6671.07
DOORMAT UNION JACK GUNS AND ROSES,1159,6635.61
ROUND CAKE TIN VINTAGE RED,891,6600.73
MINT KITCHEN SCALES,792,6599.79
CHILDRENS CUTLERY POLKADOT GREEN,1688,6599.06
ROSE COTTAGE KEEPSAKE BOX,729,6574.95
ALARM CLOCK BAKELIKE CHOCOLATE,1776,6574.26
CHILDRENS APRON SPACEBOY DESIGN,3543,6572.49
DOLLY GIRL BABY GIFT SET,421,6567.95
CHILDRENS CUTLERY DOLLY GIRL,1628,6554.6
SET OF 20 VINTAGE CHRISTMAS NAPKINS,8122,6530.26
PLASTERS IN TIN SKULLS,4036,6505.8
SET OF 12 FAIRY CAKE BAKING CASES,8243,6469.45
VICTORIAN SEWING BOX SMALL,1128,6432.11
LARGE ZINC HEART WALL ORGANISER,1064,6414.48
BEWARE OF THE CAT METAL SIGN,4027,6405.31
PICTURE FRAME WOOD TRIPLE PORTRAIT,1023,6378.15
BLACK/BLUE POLKADOT UMBRELLA,1133,6367.94
SET/10 PINK POLKADOT PARTY CANDLES,5257,6353.58
PIGGY BANK RETROSPOT,2619,6308.57
MEMO BOARD COTTAGE DESIGN,1365,6306.19
BLUE STRIPE CERAMIC DRAWER KNOB,4969,6284.25
72 SWEETHEART FAIRY CAKE CASES,13070,6274.9
METAL 4 HOOK HANGER FRENCH CHATEAU,2151,6273.29
RETROSPOT LARGE MILK JUG,1317,6267.15
LANDMARK FRAME CAMDEN TOWN,558,6257.35
TOY TIDY PINK POLKADOT,3169,6229.58
RED STRIPE CERAMIC DRAWER KNOB,5035,6224.03
LOVE SEAT ANTIQUE WHITE METAL,58,6210.0
3 DRAWER ANTIQUE WHITE WOOD CABINET,715,6195.73
BOX OF 6 CHRISTMAS CAKE DECORATIONS,1712,6155.04
SAVE THE PLANET MUG,5265,6151.78
HAND WARMER BABUSHKA DESIGN,4633,6149.33
VINTAGE DONKEY TAIL GAME,1750,6146.89
MINI LIGHTS WOODLAND MUSHROOMS,1719,6126.09
COFFEE MUG APPLES DESIGN,2770,6124.15
CIRCUS PARADE LUNCH BOX,3375,6122.63
LARGE CIRCULAR MIRROR MOBILE,6821,6107.05
WALL ART CLASSIC PUDDINGS,821,6093.49
AGED GLASS SILVER T-LIGHT HOLDER,10088,6083.2
JINGLE BELL HEART DECORATION,3687,6069.15
CHILDS BREAKFAST SET DOLLY GIRL,657,6063.0
TEA TIME TEA TOWELS,2600,6045.0
JUMBO BAG DOLLY GIRL DESIGN,3097,6008.41
SET OF 60 PANTRY DESIGN CAKE CASES,11675,5982.09
BROCADE RING PURSE,22963,5980.05
DELUXE SEWING KIT,1058,5974.62
CHRISTMAS LIGHTS 10 VINTAGE BAUBLES,1280,5968.98
4 TRADITIONAL SPINNING TOPS,4491,5960.08
DOORSTOP RETROSPOT HEART,1516,5938.21
PACK OF 60 DINOSAUR CAKE CASES,12134,5934.68
PLACE SETTING WHITE HEART,14877,5922.27
SET 3 WICKER OVAL BASKETS W LIDS,462,5922.12
WOODEN HAPPY BIRTHDAY GARLAND,2093,5910.15
RED RETROSPOT PEG BAG,2460,5880.05
SET OF 2 TEA TOWELS APPLE AND PEARS,1980,5855.24
CHARLOTTE BAG PINK POLKADOT,7306,5840.64
RED RETROSPOT SMALL MILK JUG,2460,5830.2
PINK FAIRY CAKE CHILDRENS APRON,3144,5823.36
CHICK GREY HOT WATER BOTTLE,1555,5810.37
PANTRY WASHING UP BRUSH,3920,5795.86
BISCUIT TIN 50'S CHRISTMAS,2060,5795.2
REGENCY TEA PLATE PINK,3688,5793.28
WOODEN OWLS LIGHT GARLAND,1535,5781.35
CANDLEHOLDER PINK HANGING HEART,2046,5771.78
ENGLISH ROSE HOT WATER BOTTLE,1423,5767.91
BINGO SET,1553,5725.71
LANTERN CREAM GAZEBO,1214,5721.42
BOTANICAL GARDENS WALL CLOCK,259,5719.0
WHITE METAL LANTERN,1591,5713.03
PANTRY CHOPPING BOARD,1138,5695.86
SOMBRERO,4402,5691.5
SET OF 6 TEA TIME BAKING CASES,4879,5687.15
UNION STRIPE WITH FRINGE  HAMMOCK,759,5682.09
SINGLE HEART ZINC T-LIGHT HOLDER,5700,5664.78
SET OF 2 WOODEN MARKET CRATES,462,5652.9
DOORMAT TOPIARY,880,5644.46
CHARLOTTE BAG APPLES DESIGN,7039,5632.15
WHITE SPOT RED CERAMIC DRAWER KNOB,4564,5618.04
QUEENS GUARD COFFEE MUG,2365,5603.57
RETROSPOT CHILDRENS APRON,3039,5587.87
SET OF 72 PINK HEART PAPER DOILIES,3954,5566.68
VINTAGE CHRISTMAS STOCKING,2199,5564.25
RED 3 PIECE RETROSPOT CUTLERY SET,1543,5555.13
VINTAGE CHRISTMAS GIFT SACK,1365,5527.15
VINTAGE SNAKES & LADDERS,1575,5523.53
STRAWBERRY CHARLOTTE BAG,6847,5520.95
SET/6 RED SPOTTY PAPER PLATES,7351,5496.53
3 STRIPEY MICE FELTCRAFT,2923,5478.05
POLKADOT PEN,6625,5475.25
PINK BABY BUNTING,1965,5448.11
FELTCRAFT PRINCESS OLIVIA DOLL,1514,5446.1
RUSTIC  SEVENTEEN DRAWER SIDEBOARD,35,5415.0
PARISIENNE JEWELLERY DRAWER,765,5399.02
SMALL ZINC HEART WALL ORGANISER,1538,5378.8
PHOTO FRAME 3 CLASSIC HANGING,554,5377.45
CLASSIC GLASS COOKIE JAR,1334,5358.5
WALL ART BIG LOVE,963,5340.21
WOODEN ADVENT CALENDAR CREAM,370,5340.0
LUNCH BAG PAISLEY PARK,3315,5267.75
DOG BOWL CHASING BALL DESIGN,1341,5227.93
BUNDLE OF 3 ALPHABET EXERCISE BOOKS,3286,5225.22
10 COLOUR SPACEBOY PEN,6267,5209.17
LARGE IVORY HEART WALL ORGANISER,759,5142.91
SET OF 5 LUCKY CAT MAGNETS,2538,5121.48
RED RETROSPOT SHOPPER BAG,4264,5115.31
CERAMIC CAKE STAND + HANGING CAKES,562,5084.78
CALENDAR PAPER CUT DESIGN,1768,5072.64
SMALL IVORY HEART WALL ORGANISER,1022,5069.58
SET OF 6 NATIVITY MAGNETS,2543,5058.59
WOODEN ADVENT CALENDAR RED,536,5047.6
RED RETROSPOT BOWL,4363,5046.98
RED SPOT CERAMIC DRAWER KNOB,4080,5042.4
TREASURE ISLAND BOOK BOX,2431,5036.55
3 PIECE SPACEBOY COOKIE CUTTER SET,2514,5034.64
BOX OF VINTAGE JIGSAW BLOCKS,920,5031.57
BLUE SPOT CERAMIC DRAWER KNOB,4004,5028.52
CHRISTMAS CRAFT TREE TOP ANGEL,2448,5025.58
LIGHT GARLAND BUTTERFILES PINK,1340,5018.84
VICTORIAN SEWING BOX LARGE,425,5014.23
PINK 3 PIECE POLKADOT CUTLERY SET,1392,5010.4
FULL ENGLISH BREAKFAST PLATE,1383,4993.05
HEART IVORY TRELLIS LARGE,3055,4988.83
SET OF 4 JAM JAR MAGNETS,2472,4986.49
PACK OF 6 PANNETONE GIFT BOXES,2015,4982.68
RED RETROSPOT MUG,1814,4972.1
PACK OF 20 NAPKINS PANTRY DESIGN,6102,4966.32
WHITE SPOT BLUE CERAMIC DRAWER KNOB,3994,4960.5
COFFEE MUG PEARS  DESIGN,2288,4959.85
3 TIER CAKE TIN GREEN AND CREAM,364,4954.56
ENAMEL MEASURING JUG CREAM,1193,4954.29
LANDMARK FRAME COVENT GARDEN,438,4949.55
BUBBLEGUM RING ASSORTED,11891,4894.83
DOORMAT AIRMAIL,722,4887.82
SET 3 PAPER VINTAGE CHICK PAPER EGG,1749,4881.15
DOORMAT RESPECTABLE HOUSE,730,4873.44
"ASSORTED FLOWER COLOUR ""LEIS""",10297,4871.45
WALL ART KEEP CALM,959,4861.75
RED RETROSPOT PLATE,3074,4860.98
WELCOME  WOODEN BLOCK LETTERS,505,4856.52
HOME SWEET HOME METAL SIGN,1714,4850.62
PACK OF SIX LED TEA LIGHTS,1729,4849.01
SET OF 3 WOODEN HEART DECORATIONS,3747,4829.08
GINGHAM HEART DECORATION,5964,4828.38
FELTCRAFT GIRL AMELIE KIT,987,4824.13
HANGING METAL HEART LANTERN,3200,4823.5
SET/10 BLUE POLKADOT PARTY CANDLES,3970,4798.34
REGENCY TEA STRAINER,1362,4789.24
ADVENT CALENDAR GINGHAM SACK,836,4787.68
LANDMARK FRAME NOTTING HILL,422,4768.15
I'M ON HOLIDAY METAL SIGN,2294,4761.55
CERAMIC STRAWBERRY CAKE MONEY BANK,3927,4756.91
LANDMARK FRAME OXFORD STREET,421,4755.65
FRYING PAN UNION FLAG,1200,4731.36
BATH BUILDING BLOCK WORD,792,4727.83
FELTCRAFT DOLL ROSIE,1653,4716.87
HEART IVORY TRELLIS SMALL,3863,4715.03
PARTY METAL SIGN,3335,4708.27
RECYCLED ACAPULCO MAT TURQUOISE,571,4694.75
TRAVEL CARD WALLET KEEP CALM,11769,4693.4
ANTIQUE GLASS DRESSING TABLE POT,1643,4687.01
PAPER BUNTING COLOURED LACE,1698,4683.1
SET OF 12 MINI LOAF BAKING CASES,5963,4675.61
VINTAGE CHRISTMAS TABLECLOTH,393,4663.52
CHILDS BREAKFAST SET CIRCUS PARADE,565,4656.3
BREAD BIN DINER STYLE MINT,304,4646.56
LANDMARK FRAME LONDON BRIDGE,413,4641.7
NATURAL SLATE RECTANGLE CHALKBOARD,2911,4636.91
SKULL LUNCH BOX WITH CUTLERY,1946,4624.8
LARGE CERAMIC TOP STORAGE JAR,2954,4624.5
SET OF 5 PANCAKE DAY MAGNETS,2283,4620.97
BREAD BIN DINER STYLE PINK,302,4598.35
5 HOOK HANGER RED MAGIC TOADSTOOL,3055,4596.75
BISCUIT TIN VINTAGE CHRISTMAS,1635,4576.05
FILIGRIS HEART WITH BUTTERFLY,3781,4544.13
TRADTIONAL ALPHABET STAMP SET,933,4531.95
COFFEE MUG CAT + BIRD DESIGN,2118,4529.34
BLUE VINTAGE SPOT BEAKER,4901,4528.29
PINK PARTY BAGS,2409,4481.62
WASHROOM METAL SIGN,2922,4462.37
CIRCUS PARADE BABY GIFT SET,285,4444.75
HOT WATER BOTTLE BABUSHKA,984,4442.0
STRAWBERRY   PICNIC BAG,1591,4433.45
RED RETROSPOT BUTTER DISH,939,4429.65
HEART FILIGREE DOVE LARGE,2737,4420.17
PINK VINTAGE SPOT BEAKER,4679,4384.83
PINK HEART SHAPE EGG FRYING PAN,3139,4379.03
ABC TREASURE BOOK BOX,2090,4377.76
SCANDINAVIAN PAISLEY PICNIC BAG,2467,4363.66
CUPCAKE LACE PAPER SET 6,2321,4355.33
PANTRY MAGNETIC  SHOPPING LIST,3067,4346.99
DOORMAT MERRY CHRISTMAS RED,614,4340.44
CHRISTMAS CRAFT WHITE FAIRY,3073,4339.29
WOODEN SKITTLES GARDEN SET,305,4336.75
SMALL CHINESE STYLE SCISSOR,13328,4335.76
SET OF 3 HANGING OWLS OLLIE BEAK,3642,4327.42
RED RETROSPOT WRAP,10547,4320.74
PINK VINTAGE PAISLEY PICNIC BAG,2410,4295.86
CAMOUFLAGE LED TORCH,2628,4278.12
VINYL RECORD FRAME SILVER,1236,4275.22
SET3 BOOK BOX GREEN GINGHAM FLOWER,1099,4263.55
GREEN VINTAGE SPOT BEAKER,4505,4261.89
EDWARDIAN PARASOL PINK,769,4254.16
PLAYING CARDS KEEP CALM & CARRY ON,3435,4246.71
WALL ART ONLY ONE PERSON,1037,4241.25
PICTURE DOMINOES,2992,4237.04
12 PENCILS SMALL TUBE SKULL,6734,4235.1
36 PENCILS TUBE RED RETROSPOT,3523,4233.51
LAUNDRY 15C METAL SIGN,2791,4229.72
VINTAGE DOILY DELUXE SEWING KIT,726,4218.7
BLUE 3 PIECE POLKADOT CUTLERY SET,1170,4213.34
RIBBON REEL STRIPES DESIGN,2558,4208.78
VINTAGE CREAM CAT FOOD CONTAINER,704,4208.09
SMALL CERAMIC TOP STORAGE JAR,5666,4184.18
SPACEBOY MINI BACKPACK,1037,4163.55
BLACK KITCHEN SCALES,504,4159.53
PACK OF 60 SPACEBOY CAKE CASES,8103,4131.69
CHILDRENS APRON APPLES DESIGN,2201,4120.85
CHRISTMAS LIGHTS 10 SANTAS,581,4108.75
HOME SWEET HOME BLACKBOARD,969,4108.58
12 PENCILS SMALL TUBE RED RETROSPOT,6400,4101.2
TREASURE TIN GYMKHANA DESIGN,2024,4099.52
SET OF 36 TEATIME PAPER DOILIES,2928,4078.68
FOOT STOOL HOME SWEET HOME,434,4069.9
POTTERING MUG,3548,4058.76
ANTIQUE SILVER TEA GLASS ETCHED,3500,4033.0
PHOTO CUBE,2688,4032.56
CHARLOTTE BAG DOLLY GIRL DESIGN,5085,4028.19
SET/6 RED SPOTTY PAPER CUPS,6589,4009.49
CHILDREN'S APRON DOLLY GIRL,1982,3986.88
PINK FLORAL FELTCRAFT SHOULDER BAG,1081,3983.63
SET OF 3 CAKE TINS SKETCHBOOK,910,3949.72
REGENCY SUGAR TONGS,1714,3949.7
POPPY'S PLAYHOUSE KITCHEN,1895,3933.71
HEART SHAPED HOLLY WREATH,942,3933.18
PINK DRAWER KNOB ACRYLIC EDWARDIAN,3345,3926.72
GUMBALL MAGAZINE RACK,533,3916.79
VINTAGE CHRISTMAS CAKE FRILL,2465,3899.25
ROUND CAKE TIN VINTAGE GREEN,516,3895.48
ZINC T-LIGHT HOLDER STARS SMALL,4894,3879.98
ANTIQUE HEART SHELF UNIT,267,3879.15
LANDMARK FRAME BAKER STREET,347,3867.85
LARGE CAKE STAND  HANGING STRAWBERY,565,3864.63
PACK 3 BOXES BIRD PANNETONE,2088,3863.0
SET/6 PINK  BUTTERFLY T-LIGHTS,2060,3860.24
CHILDRENS CUTLERY CIRCUS PARADE,963,3856.59
BAG 250g SWIRLY MARBLES,5004,3856.38
36 FOIL HEART CAKE CASES,2003,3823.56
HOLIDAY FUN LUDO,1102,3810.71
METAL SIGN HER DINNER IS SERVED,1290,3802.5
CHARLOTTE BAG VINTAGE ALPHABET,4752,3786.22
GLASS APOTHECARY BOTTLE PERFUME,1017,3775.49
BUFFALO BILL TREASURE BOOK BOX,1855,3768.57
DOORMAT VINTAGE LEAF,541,3766.57
RECYCLED ACAPULCO MAT GREEN,459,3763.55
SET OF 36 DOILIES PANTRY DESIGN,2653,3761.92
60 CAKE CASES DOLLY GIRL DESIGN,7247,3755.41
PACK OF 12 TRADITIONAL CRAYONS,9314,3754.89
WALL ART STOP FOR TEA,689,3754.13
RED RETROSPOT OVEN GLOVE,3187,3751.63
BULL DOG BOTTLE OPENER,778,3749.5
PAINT YOUR OWN CANVAS SET,2354,3740.58
VICTORIAN SEWING BOX MEDIUM,489,3735.39
FELTCRAFT DOLL EMILY,1301,3732.15
SET OF 60 I LOVE LONDON CAKE CASES,7727,3729.05
GIN AND TONIC MUG,2852,3724.36
SET OF 6 HERB TINS SKETCHBOOK,1059,3705.89
ROLL WRAP 50'S CHRISTMAS,3058,3699.02
POPPY'S PLAYHOUSE BEDROOM,1788,3689.95
WATERING CAN BLUE ELEPHANT,1981,3686.65
PARISIENNE KEY CABINET,664,3685.2
VINTAGE BLUE KITCHEN CABINET,26,3685.0
CHRISTMAS TOILET ROLL,3176,3680.05
VINTAGE CREAM 3 BASKET CAKE STAND,386,3677.18
PANTRY SCRUBBING BRUSH,2289,3661.89
TRADITIONAL WOODEN CATCH CUP GAME,2914,3656.75
STRAWBERRY FAIRY CAKE TEAPOT,751,3653.75
LARGE RED RETROSPOT WINDMILL,1900,3645.0
PINK POLKADOT BOWL,3159,3642.58
RED RETROSPOT CHILDRENS UMBRELLA,1140,3629.66
CAKE STAND 3 TIER MAGIC GARDEN,308,3624.6
CINDERELLA CHANDELIER,220,3617.6
PICNIC BOXES SET OF 3 RETROSPOT,775,3612.25
BISCUIT TIN VINTAGE RED,572,3609.8
TRADITIONAL CHRISTMAS RIBBONS,2907,3607.8
EMPIRE DESIGN ROSETTE,4236,3596.42
ILLUSTRATED CAT BOWL,1356,3586.32
BATHROOM METAL SIGN,5929,3584.85
LARGE ANTIQUE WHITE PHOTO FRAME,509,3584.06
RECYCLED ACAPULCO MAT RED,435,3572.75
CHRISTMAS STAR WISH LIST CHALKBOARD,3290,3567.7
FOOD COVER WITH BEADS SET 2,980,3556.42
STORAGE TIN VINTAGE DOILY,1251,3548.39
CREAM SWEETHEART EGG HOLDER,750,3547.3
RED RETROSPOT TRADITIONAL TEAPOT,468,3540.6
FIRST AID TIN,1129,3530.35
SMALL RED RETROSPOT WINDMILL,2974,3521.7
SET OF 6 T-LIGHTS SANTA,1198,3517.66
NOVELTY BISCUITS CAKE STAND 3 TIER,366,3505.12
SCANDINAVIAN REDS RIBBONS,2747,3499.7
GLASS BON BON JAR,2136,3497.22
AIRLINE BAG VINTAGE TOKYO 78,830,3489.88
ANTIQUE SILVER BAUBLE LAMP,374,3489.7
GREEN METAL BOX ARMY SUPPLIES,438,3482.64
COLOURED GLASS STAR T-LIGHT HOLDER,997,3478.83
ENCHANTED BIRD COATHANGER 5 HOOK,775,3475.19
PARISIENNE SEWING BOX,296,3464.8
ROLL WRAP VINTAGE CHRISTMAS,2857,3462.89
RED RETROSPOT SUGAR JAM BOWL,1473,3459.15
RETROSPOT GIANT TUBE MATCHES,1497,3450.15
CAMOUFLAGE DESIGN TEDDY,1630,3445.5
PARISIENNE CURIO CABINET,472,3444.8
WALL ART BICYCLE SAFETY,649,3442.27
DOORMAT PEACE ON EARTH BLUE,700,3442.04
CLASSIC CHROME BICYCLE BELL,2454,3435.7
MISTLETOE HEART WREATH GREEN,838,3435.62
BAG 125g SWIRLY MARBLES,9272,3431.35
JUMBO BAG SCANDINAVIAN PAISLEY,1947,3430.65
FANCY FONTS BIRTHDAY WRAP,8600,3430.0
GYMKHANA TREASURE BOOK BOX,1634,3426.83
RECIPE BOX BLUE SKETCHBOOK DESIGN,1219,3425.01
BUNDLE OF 3 RETRO NOTE BOOKS,2116,3421.4
WOODEN HEART CHRISTMAS SCANDINAVIAN,9784,3416.48
GAOLERS KEYS DECORATIVE GARDEN,929,3412.19
MIRRORED DISCO BALL,644,3405.3
SET 3 WICKER STORAGE BASKETS,241,3399.95
PAPER BUNTING VINTAGE PAISLEY,1190,3398.5
WHITE ROCKING HORSE HAND PAINTED,2803,3377.75
FOOD CONTAINER SET 3 LOVE HEART,1890,3370.42
EASTER CRAFT 4 CHICKS,1819,3367.05
DRAWER KNOB CRACKLE GLAZE IVORY,2084,3361.8
SET OF 6 SNACK LOAF BAKING CASES,4292,3360.18
BLUE POLKADOT PLATE,2131,3359.47
PEG BAG APPLES DESIGN,1398,3356.77
FAIRY TALE COTTAGE NIGHTLIGHT,2016,3352.8
ZINC HERB GARDEN CONTAINER,546,3348.57
LUNCH BAG SUKI  DESIGN,2121,3339.65
BICYCLE PUNCTURE REPAIR KIT,1731,3338.8
WICKER STAR,1612,3337.2
PACK OF 20 NAPKINS RED APPLES,4234,3330.64
TRADITIONAL NAUGHTS & CROSSES,2036,3330.6
SET OF 12 FORK CANDLES,1215,3319.35
IVORY GIANT GARDEN THERMOMETER,569,3313.55
SET OF 5 MINI GROCERY MAGNETS,1638,3311.78
TEA TIME KITCHEN APRON,592,3289.72
IVORY WICKER HEART LARGE,1996,3283.8
I LOVE LONDON BABY GIFT SET,209,3262.55
S/6 WOODEN SKITTLES IN COTTON BAG,1075,3262.51
SET OF 9 HEART SHAPED BALLOONS,2680,3257.04
HAPPY STENCIL CRAFT,2785,3254.6
SET 3 SONG BIRD PAPER EGGS ASSORTED,1161,3230.55
TEA BAG PLATE RED RETROSPOT,3863,3223.49
ANTIQUE GLASS PEDESTAL BOWL,890,3223.35
PHARMACIE FIRST AID TIN,483,3220.81
RIBBON REEL SNOWY VILLAGE,2007,3219.43
GLASS APOTHECARY BOTTLE TONIC,866,3215.04
WRAP ALPHABET DESIGN,7950,3207.0
METAL SIGN DROP YOUR PANTS,1232,3192.56
SET OF 4 KNICK KNACK TINS POPPIES,823,3188.05
BLUE POLKADOT BOWL,2729,3179.9
FELTCRAFT GIRL NICOLE KIT,646,3174.74
PURPLE DRAWERKNOB ACRYLIC EDWARDIAN,2614,3169.87
ROLL WRAP VINTAGE SPOT,2593,3165.65
WOODEN STAR CHRISTMAS SCANDINAVIAN,9630,3165.22
WOODLAND MINI BACKPACK,788,3150.2
PACK OF 12 COLOURED PENCILS,3910,3130.84
SPACEBOY BIRTHDAY CARD,7858,3130.22
FRENCH ENAMEL CANDLEHOLDER,1549,3104.32
WATERING CAN PINK BUNNY,1648,3100.58
SET OF 60 VINTAGE LEAF CAKE CASES,5967,3098.21
"TRAY, BREAKFAST IN BED",259,3089.85
6 GIFT TAGS VINTAGE CHRISTMAS,3735,3076.29
MINT DINER WALL CLOCK,365,3051.5
20 DOLLY PEGS RETROSPOT,2368,3048.2
COFFEE MUG DOG + BALL DESIGN,1450,3047.34
CLASSIC CAFE SUGAR DISPENSER,2634,3038.35
BABUSHKA LIGHTS STRING OF 10,467,3032.39
GREEN 3 PIECE POLKADOT CUTLERY SET,837,3019.23
16 PIECE CUTLERY SET PANTRY DESIGN,210,3018.3
CABIN BAG VINTAGE RETROSPOT,160,3012.4
PINK  POLKADOT PLATE,1911,3010.71
SET OF SALT AND PEPPER TOADSTOOLS,2461,3007.85
ALPHABET STENCIL CRAFT,2673,3005.44
DOORMAT CHRISTMAS VILLAGE,568,2991.7
WRAP ENGLISH ROSE,7226,2990.92
LARGE DECO JEWELLERY STAND,247,2990.3
FINE WICKER HEART,2508,2984.52
SPACEBOY BEAKER,2571,2975.75
VICTORIAN  METAL POSTCARD SPRING,2708,2975.24
SET OF 4 KNICK KNACK TINS LEAF,740,2975.0
RED BABY BUNTING,1027,2969.65
WHITE WICKER STAR,1426,2963.1
RETROSPOT LAMP,303,2962.65
GLASS APOTHECARY BOTTLE ELIXIR,800,2959.68
IVORY HANGING DECORATION  HEART,3564,2957.64
JAM JAR WITH PINK LID,3681,2952.57
SWEETHEART BIRD HOUSE,839,2950.05
SET OF 36 PAISLEY FLOWER DOILIES,2036,2942.51
DOILEY STORAGE TIN,1082,2934.98
COLOURING PENCILS BROWN TUBE,4322,2930.3
POTTING SHED TEA MUG,2346,2926.98
OFFICE MUG WARMER BLACK+SILVER,1054,2925.5
RED GINGHAM ROSE JEWELLERY BOX,1616,2925.0
BOYS VINTAGE TIN SEASIDE BUCKET,1206,2921.72
FOUR HOOK  WHITE LOVEBIRDS,1422,2917.47
3 HOOK HANGER MAGIC GARDEN,1617,2915.55
VINTAGE  2 METER FOLDING RULER,1776,2904.12
TREASURE TIN BUFFALO BILL,1436,2898.56
CHRISTMAS PUDDING TRINKET POT,6440,2892.02
DRAWER KNOB CERAMIC IVORY,2053,2889.49
HOME SWEET HOME CUSHION COVER,769,2883.75
GLASS  BEURRE DISH,773,2874.07
EMBOSSED GLASS TEALIGHT HOLDER,2381,2871.84
PACK 3 BOXES CHRISTMAS PANNETONE,1532,2869.1
DINOSAUR LUNCH BOX WITH CUTLERY,1227,2868.78
DOLLY GIRL MINI BACKPACK,717,2855.55
LARGE HEART MEASURING SPOONS,1699,2841.87
HANGING METAL STAR LANTERN,1965,2839.63
TOILET SIGN OCCUPIED OR VACANT,3414,2837.57
RETRO COFFEE MUGS ASSORTED,2508,2835.08
DOORMAT VINTAGE LEAVES DESIGN,426,2833.7
RIBBON REEL HEARTS DESIGN,1715,2831.99
SUKI  SHOULDER BAG,1763,2824.37
RED RETROSPOT CUP,3519,2822.41
TABLECLOTH RED APPLES DESIGN,291,2821.95
LOVEBIRD HANGING DECORATION WHITE,3372,2818.62
CHARLIE AND LOLA FIGURES TINS,1404,2817.8
ANTIQUE TALL SWIRLGLASS TRINKET POT,765,2817.13
SET 12 KIDS COLOUR  CHALK STICKS,7013,2814.7
DECORATIVE WICKER HEART LARGE,1712,2812.8
BOX OF 24 COCKTAIL PARASOLS,6808,2810.67
BLUE POLKADOT WRAP,6925,2808.5
SET OF 6 T-LIGHTS SNOWMEN,908,2792.08
FLOWERS CHANDELIER T-LIGHT HOLDER,866,2789.66
MOROCCAN TEA GLASS,3808,2761.6
DOLLY GIRL BEAKER,2398,2759.5
SPACEBOY CHILDRENS BOWL,2367,2757.15
6 GIFT TAGS 50'S CHRISTMAS,3346,2753.42
CHILDREN'S SPACEBOY MUG,1691,2751.11
WOODLAND PARTY BAG + STICKER SET,1768,2750.96
CHEST NATURAL WOOD 20 DRAWERS,24,2745.0
RECYCLED ACAPULCO MAT BLUE,335,2741.35
GIRLS VINTAGE TIN SEASIDE BUCKET,1141,2736.75
MINI WOODEN HAPPY BIRTHDAY GARLAND,1699,2733.07
POPPY'S PLAYHOUSE LIVINGROOM,1319,2733.02
BLUE PARTY BAGS,1451,2728.94
SET/3 VANILLA SCENTED CANDLE IN BOX,669,2727.97
GLASS CLOCHE SMALL,753,2727.95
RIBBON REEL CHRISTMAS SOCK BAUBLE,1588,2704.44
COTTON APRON PANTRY DESIGN,607,2695.29
BISCUIT TIN VINTAGE GREEN,434,2691.88
BUNDLE OF 3 SCHOOL EXERCISE BOOKS,1678,2691.14
SINGLE ANTIQUE ROSE HOOK IVORY,1845,2672.85
TROPICAL  HONEYCOMB PAPER GARLAND,1175,2672.25
RETROSPOT RED WASHING UP GLOVES,1356,2670.48
SPACEBOY GIFT WRAP,6502,2662.84
BLACK AND WHITE CAT BOWL,1357,2661.9
STOOL HOME SWEET HOME,228,2648.4
SET OF 4 NAPKIN CHARMS CUTLERY,1173,2647.96
ENAMEL WATERING CAN CREAM,544,2646.6
VICTORIAN SEWING KIT,2371,2642.19
RED ROCKING HORSE HAND PAINTED,2208,2634.0
UTILTY CABINET WITH HOOKS,131,2610.29
RIBBON REEL LACE DESIGN,1300,2610.0
BELLE JARDINIERE CUSHION COVER,696,2604.48
CAKE PLATE LOVEBIRD WHITE,824,2599.2
RECYCLED ACAPULCO MAT PINK,319,2598.15
SET 10 LIGHTS NIGHT OWL,407,2593.65
PINK POLKADOT WRAP,6350,2593.0
RED HEART SHAPE LOVE BUCKET,1358,2591.02
12 MESSAGE CARDS WITH ENVELOPES,1628,2590.2
BLACK AND WHITE DOG BOWL,1194,2584.68
GLASS CLOCHE LARGE,329,2581.45
ROSE CARAVAN DOORSTOP,523,2580.21
REGENCY CAKE SLICE,564,2579.21
STOP FOR TEA WALL ART,518,2572.7
HEART WREATH DECORATION WITH BELL,2167,2567.63
SILVER BELLS TABLE DECORATION,2093,2565.85
GREEN CHRISTMAS TREE CARD HOLDER,1183,2562.27
TWO DOOR CURIO CABINET,210,2551.95
12 PENCIL SMALL TUBE WOODLAND,4007,2551.15
PACK OF 12 HEARTS DESIGN TISSUES,8569,2550.29
VANILLA SCENT CANDLE JEWELLED BOX,1375,2545.37
SET OF 3 WOODEN STOCKING DECORATION,1975,2543.39
RED RETROSPOT TEA CUP AND SAUCER,813,2539.19
TRIPLE HOOK ANTIQUE IVORY ROSE,781,2535.89
GLITTER HANGING BUTTERFLY STRING,1265,2530.49
IVORY WICKER HEART MEDIUM,2030,2524.9
N0 SINGING METAL SIGN,1197,2523.78
BLUE GIANT GARDEN THERMOMETER,427,2517.67
SET 10 NIGHT OWL LIGHTS,389,2517.09
BAKING MOULD HEART MILK CHOCOLATE,1041,2515.67
PACK OF 60 MUSHROOM CAKE CASES,4967,2513.13
HALL CABINET WITH 3 DRAWERS,75,2503.53
RETROSPOT PADDED SEAT CUSHION,700,2502.82
PACK OF 6 SWEETIE GIFT BOXES,1029,2496.76
GLITTER BUTTERFLY CLIPS,1012,2494.2
WATERING CAN GREEN DINOSAUR,1341,2487.53
BLUE POLKADOT CUP,3156,2487.08
CHEST OF DRAWERS GINGHAM HEART,146,2459.04
CHILDRENS DOLLY GIRL MUG,1523,2457.99
GLASS JAR ENGLISH CONFECTIONERY,886,2455.9
STRAWBERRY SHOPPER BAG,2036,2455.88
SET OF 2 TRAYS HOME SWEET HOME,250,2446.62
CHRISTMAS HANGING STAR WITH BELL,5305,2443.07
JAM JAR WITH GREEN LID,3047,2434.73
LUNCH BAG RED VINTAGE DOILY,1548,2434.2
3 TRADITIONAl BISCUIT CUTTERS  SET,1156,2422.22
TEA TIME OVEN GLOVE,2004,2416.67
SET/6 TURQUOISE BUTTERFLY T-LIGHTS,1248,2414.16
CREAM WALL PLANTER HEART SHAPED,417,2402.66
CHRISTMAS METAL TAGS ASSORTED,2863,2401.03
SET OF 3 WOODEN SLEIGH DECORATIONS,1845,2400.45
WALL ART 70'S ALPHABET,334,2399.58
GINGHAM HEART  DOORSTOP RED,722,2391.46
PINK OWL SOFT TOY,841,2384.95
SWEETHEART WIRE MAGAZINE RACK,300,2373.0
BICYCLE SAFTEY WALL ART,458,2371.94
BAKING MOULD CHOCOLATE CUPCAKES,917,2363.99
MAN FLU METAL SIGN,1129,2360.58
ROUND SNACK BOXES SET OF 4 SKULLS,832,2358.4
SKULLS AND CROSSBONES WRAP,5800,2356.0
SPACEBOY CHILDRENS CUP,1952,2344.32
OWL DOORSTOP,489,2339.19
MISTLETOE HEART WREATH CREAM,576,2336.28
GIRLS ALPHABET IRON ON PATCHES,12480,2332.8
WRAP PINK FAIRY CAKES,5800,2331.0
CERAMIC CHERRY CAKE MONEY BANK,2052,2328.78
PINK DINER WALL CLOCK,282,2325.6
GLASS STAR FROSTED T-LIGHT HOLDER,498,2324.14
RED DRAWER KNOB ACRYLIC EDWARDIAN,2007,2322.27
PENS ASSORTED FUNNY FACE,9146,2320.58
TRADITIONAL PICK UP STICKS GAME,1846,2307.5
TOTE BAG I LOVE LONDON,1212,2306.58
LARGE CAKE TOWEL PINK SPOTS,775,2295.05
PAPER LANTERN 9 POINT SNOW STAR,480,2289.6
GREEN GIANT GARDEN THERMOMETER,395,2278.25
TOY TIDY SPACEBOY,1156,2274.75
50'S CHRISTMAS GIFT BAG LARGE,1885,2272.25
BAKING MOULD EASTER EGG MILK CHOC,876,2272.2
HEART MIRROR ANTIQUE WHITE,351,2269.14
DOORMAT WELCOME SUNRISE,344,2268.64
WALL ART DOG LICENCE,474,2265.18
SET OF 10 LANTERNS FAIRY LIGHT STAR,564,2264.74
SET OF 9 BLACK SKULL BALLOONS,2727,2263.35
CERAMIC HEART FAIRY CAKE MONEY BANK,1757,2255.93
CAKE STAND WHITE TWO TIER LACE,330,2254.5
BALLOON WATER BOMB PACK OF 35,5897,2254.14
SET OF 3 BLACK FLYING DUCKS,475,2251.15
KINGS CHOICE MUG,2000,2249.56
POLYESTER FILLER PAD 40x40cm,1551,2248.95
12 PENCILS TALL TUBE RED RETROSPOT,2652,2247.96
SHELF WITH 4 HOOKS HOME SWEET HOME,448,2247.36
VINTAGE LEAF MAGNETIC NOTEPAD,1596,2247.0
VINTAGE BELLS GARLAND,784,2246.56
GREEN DRAWER KNOB ACRYLIC EDWARDIAN,1852,2242.52
PEARL CRYSTAL PUMPKIN T-LIGHT HLDR,1380,2234.67
ENAMEL WASH BOWL CREAM,660,2231.8
FRENCH BATHROOM SIGN BLUE METAL,1382,2227.62
RED REFECTORY CLOCK,236,2222.2
CREAM SLICE FLANNEL PINK SPOT,840,2218.8
TOADSTOOL BEDSIDE LIGHT,250,2216.5
RECYCLED ACAPULCO MAT LAVENDER,268,2206.2
CLASSIC BICYCLE CLIPS,1591,2205.95
VINTAGE  2 METRE FOLDING RULER,1322,2199.34
SET OF 4 ENGLISH ROSE PLACEMATS,612,2194.64
FRENCH WC SIGN BLUE METAL,1754,2193.99
DECORATIVE WICKER HEART MEDIUM,1761,2193.69
ROUND CONTAINER SET OF 5 RETROSPOT,1387,2182.95
GARLAND WOODEN HAPPY EASTER,1788,2180.28
ZINC WILLIE WINKIE  CANDLE STICK,2607,2176.95
SWEETHEART 3 TIER CAKE STAND,222,2174.1
SET OF 3 WOODEN TREE DECORATIONS,1680,2172.46
WRAP RED APPLES,5275,2167.5
POTTING SHED TWINE,949,2158.5
DOORMAT I LOVE LONDON,327,2157.33
RUSTIC MIRROR WITH LACE HEART,443,2155.51
HOME SWEET HOME KEY HOLDER,435,2154.79
EMPIRE UNION JACK TV DINNER TRAY,811,2150.77
RETROSPOT CIGAR BOX MATCHES,2151,2150.71
SET 20 NAPKINS FAIRY CAKES DESIGN,2609,2148.23
ICE CREAM BUBBLES,2667,2147.61
PINK DOUGHNUT TRINKET POT,1608,2142.6
WRAP VINTAGE LEAF DESIGN,5326,2140.92
VINTAGE UNION JACK APRON,307,2140.19
TOADSTOOL MONEY BOX,745,2140.15
FOLKART ZINC HEART CHRISTMAS DEC,2692,2138.44
VINTAGE RED ENAMEL TRIM JUG,582,2138.34
SWALLOWS GREETING CARD,5361,2130.63
SMALL PARISIENNE HEART PHOTO FRAME,916,2125.16
GLASS HEART T-LIGHT HOLDER,2843,2110.46
KEY RING BASEBALL BOOT UNION JACK,1772,2105.8
WRAP POPPIES  DESIGN,5175,2105.5
HEADS AND TAILS SPORTING FUN,1873,2097.96
WALL TIDY RETROSPOT,1685,2092.56
PAPER LANTERN 9 POINT DELUXE STAR,347,2091.55
ENAMEL COLANDER CREAM,434,2086.11
LARGE CAKE TOWEL CHOCOLATE SPOTS,830,2084.1
PACK OF 12 SUKI TISSUES,7346,2083.58
PLAYING CARDS JUBILEE UNION JACK,1668,2082.48
DOG LICENCE WALL ART,408,2081.64
SKULL SHOULDER BAG,1288,2081.2
CACTI T-LIGHT CANDLES,5217,2078.66
RIBBON REEL CHRISTMAS PRESENT,1227,2075.39
CARD BILLBOARD FONT,5038,2072.79
VILLAGE SHOW WALL ART,386,2072.42
SET 12 LAVENDER  BOTANICAL T-LIGHTS,761,2072.15
CUPBOARD 3 DRAWER MA CAMPAGNE,145,2070.95
GROW YOUR OWN BASIL IN ENAMEL MUG,994,2069.4
SWEETHEART WIRE WALL TIDY,215,2066.75
VINTAGE CHRISTMAS GIFT BAG LARGE,1781,2066.65
CLASSIC FRENCH STYLE BASKET NATURAL,501,2064.47
SMALL DOLLY MIX DESIGN ORANGE BOWL,4491,2063.29
DRAWER KNOB CRACKLE GLAZE GREEN,1272,2060.4
6 EGG HOUSE PAINTED WOOD,258,2058.94
PINK  POLKADOT CUP,2574,2051.4
VINTAGE BILLBOARD TEA MUG,1868,2049.05
CERAMIC CAKE DESIGN SPOTTED MUG,1404,2043.0
PARTY CONES CANDY ASSORTED,1729,2042.69
RED GINGHAM TEDDY BEAR,726,2041.78
RED SPOT GIFT BAG LARGE,1700,2041.0
STAR WOODEN CHRISTMAS DECORATION,2445,2040.81
SMALL RED RETROSPOT MUG IN BOX,874,2034.43
MAKE YOUR OWN FLOWERPOWER CARD KIT,867,2030.61
SLATE TILE NATURAL HANGING,1428,2029.7
S/4 VALENTINE DECOUPAGE HEART BOX,1369,2028.05
BUTTON BOX,1072,2022.66
6 RIBBONS ELEGANT CHRISTMAS,1565,2019.23
KEEP CALM WALL ART,269,2015.97
36 PENCILS TUBE SKULLS,1631,2014.43
SMALL HEART MEASURING SPOONS,2385,2013.73
IVORY SWEETHEART WIRE LETTER RACK,545,2013.51
MA CAMPAGNE CUTLERY BOX,138,2012.5
WRAP CHRISTMAS VILLAGE,4876,2003.92
PACK OF 12 RED RETROSPOT TISSUES,6523,2003.31
HERB MARKER BASIL,3329,2000.35
HANGING MINI COLOURED BOTTLES,3370,2000.22
DRAWER KNOB CRACKLE GLAZE PINK,1234,1997.7
TOILET METAL SIGN,3749,1997.13
6 CHOCOLATE LOVE HEART T-LIGHTS,1018,1994.26
KNEELING MAT HOUSEWORK  DESIGN,1481,1993.91
ASSORTED COLOUR T-LIGHT HOLDER,3361,1990.97
T-LIGHT HOLDER HANGING LOVE BIRD,539,1988.13
SET OF 6 T-LIGHTS CACTI,775,1987.93
GINGHAM RECIPE BOOK BOX,413,1986.75
S/4 CACTI CANDLES,497,1985.67
FUNKY WASHING UP GLOVES ASSORTED,973,1984.26
LETTER HOLDER HOME SWEET HOME,596,1984.06
SET/20 STRAWBERRY PAPER NAPKINS,2494,1982.08
SET OF 2 CERAMIC CHRISTMAS REINDEER,1435,1981.63
BLUE COAT RACK PARIS FASHION,428,1979.64
PACK OF 6 SANDCASTLE FLAGS ASSORTED,2397,1973.75
WHITE LOVEBIRD LANTERN,688,1973.6
CERAMIC STRAWBERRY DESIGN MUG,1749,1973.17
TEA TIME TEAPOT IN GIFT BOX,338,1972.46
36 PENCILS TUBE WOODLAND,1597,1971.93
LE JARDIN BOTANIQUE CUSHION COVER,527,1970.73
GLASS  SONGBIRD STORAGE JAR,165,1965.3
ROLL WRAP 50'S RED CHRISTMAS,1596,1964.76
BAKING MOULD ROSE MILK CHOCOLATE,673,1964.25
"KEY FOB , SHED",3087,1963.03
WHITE BROCANTE SOAP DISH,684,1960.2
STORAGE TIN VINTAGE LEAF,765,1955.13
ASSTD DESIGN RACING CAR PEN,1252,1953.0
SOAP DISH BROCANTE,693,1948.35
FILIGREE HEART BUTTERFLY WHITE,1592,1947.06
RED SPOT PAPER GIFT BAG,2444,1944.08
SET 8 CANDLES VINTAGE DOILY,1029,1941.75
VINTAGE RED ENAMEL TRIM MUG,1634,1941.7
3 TIER SWEETHEART GARDEN SHELF,55,1938.25
BIRDHOUSE GARDEN MARKER,1417,1936.85
BAKING MOULD TOFFEE CUP CHOCOLATE,866,1935.6
KEY RING BASEBALL BOOT ASSORTED,1585,1935.05
FLORAL FOLK STATIONERY SET,1366,1934.85
JUMBO BAG CHARLIE AND LOLA TOYS,922,1934.75
SEWING BOX RETROSPOT DESIGN,205,1931.75
NOEL WOODEN BLOCK LETTERS,333,1930.89
3D VINTAGE CHRISTMAS STICKERS,1522,1930.38
36 FOIL STAR CAKE CASES,1005,1929.14
CHOCOLATE BOX RIBBONS,1580,1926.33
CHILDREN'S CIRCUS PARADE MUG,1192,1924.48
BLUE DRAWER KNOB ACRYLIC EDWARDIAN,1574,1924.18
STAR WREATH DECORATION WITH BELL,1595,1923.19
SKETCHBOOK MAGNETIC SHOPPING LIST,1332,1921.24
WRAP DOILEY DESIGN,4675,1915.5
"FANCY FONT BIRTHDAY CARD,",4740,1910.88
HANGING HEART WITH BELL,4113,1907.83
RIBBON REEL POLKADOTS,1182,1902.3
MAKE YOUR OWN MONSOON CARD KIT,833,1898.83
REGENCY CAKE FORK,1608,1896.6
ZINC T-LIGHT HOLDER STAR LARGE,2030,1896.54
WHITE WIRE EGG HOLDER,303,1896.15
IVORY REFECTORY CLOCK,202,1894.7
WRAP 50'S  CHRISTMAS,4563,1892.46
FLUTED ANTIQUE CANDLE HOLDER,2313,1888.31
CARDHOLDER HOLLY WREATH METAL,506,1886.08
AIRLINE BAG VINTAGE JET SET RED,448,1882.84
SET OF 3 COLOURED  FLYING DUCKS,393,1882.65
3D TRADITIONAL CHRISTMAS STICKERS,1471,1882.31
DOLLY GIRL CHILDRENS CUP,1549,1881.39
TRAVEL CARD WALLET VINTAGE TICKET,4552,1880.16
BAKING MOULD HEART WHITE CHOCOLATE,794,1878.61
STAR T-LIGHT HOLDER WILLIE WINKIE,1142,1875.06
WOODLAND  HEIGHT CHART STICKERS,672,1874.4
CHINESE DRAGON PAPER LANTERNS,5524,1870.7
HANGING JAM JAR T-LIGHT HOLDERS,2413,1867.33
JAZZ HEARTS PURSE NOTEBOOK,4365,1867.05
KEY CABINET MA CAMPAGNE,191,1865.65
VINTAGE JINGLE BELLS HEART,226,1864.5
ALUMINIUM STAMPED HEART,775,1862.51
CERAMIC STRAWBERRY MONEY BOX,804,1859.4
DOLLY GIRL CHILDRENS BOWL,1553,1854.85
HEART WOODEN CHRISTMAS DECORATION,2124,1854.54
OVEN MITT APPLES DESIGN,1298,1850.66
HOT WATER BOTTLE SEX BOMB,435,1843.55
CERAMIC CAKE BOWL + HANGING CAKES,668,1841.0
PARLOUR CERAMIC WALL HOOK,448,1840.0
LE GRAND TRAY CHIC SET,147,1837.5
EASTER TIN BUNNY BOUQUET,1150,1832.7
SMALL DECO JEWELLERY STAND,229,1831.65
CHRISTMAS RETROSPOT ANGEL WOOD,2238,1827.42
ENGLISH ROSE GARDEN SECATEURS,1958,1826.78
RIBBON REEL MAKING SNOWMEN,1102,1825.46
ROCKING HORSE RED CHRISTMAS,2207,1813.55
SET 12 COLOUR PENCILS SPACEBOY,2785,1807.85
RED RETROSPOT APRON,303,1802.85
HANGING CHICK CREAM DECORATION,1243,1802.35
POPPY'S PLAYHOUSE BATHROOM,879,1800.9
REX CASH+CARRY JUMBO SHOPPER,1893,1798.35
SET OF 6 T-LIGHTS TOADSTOOLS,676,1796.64
TRAVEL CARD WALLET I LOVE LONDON,4396,1788.72
SET OF 16 VINTAGE ROSE CUTLERY,147,1787.85
VINTAGE UNION JACK CUSHION COVER,364,1785.0
METAL SIGN NEIGHBOURHOOD WITCH,877,1784.7
SET 36 COLOUR PENCILS SPACEBOY,1505,1783.97
MAGIC DRAWING SLATE PURDEY,4721,1782.18
SWISS ROLL TOWEL PINK  SPOTS,666,1782.18
WATERING CAN GARDEN MARKER,1290,1778.1
"FEATHER PEN,HOT PINK",3621,1777.61
MINI CAKE STAND WITH HANGING CAKES,1297,1775.05
SET 12 RETRO WHITE CHALK STICKS,4363,1771.54
DRAWER KNOB CRACKLE GLAZE BLUE,1085,1761.69
RETROSPOT SMALL TUBE MATCHES,1066,1754.9
IF YOU CAN'T STAND THE HEAT MUG,1586,1752.34
OCEAN SCENT CANDLE IN JEWELLED BOX,968,1749.94
MODERN FLORAL STATIONERY SET,1219,1745.05
WRAP I LOVE LONDON,4425,1742.5
CHRISTMAS GINGHAM STAR,2049,1736.97
FELTCRAFT BOY JEAN-PAUL KIT,354,1735.98
RED PAPER PARASOL,630,1735.74
MAGIC DRAWING SLATE SPACEBOY,4331,1735.5
BROCANTE COAT RACK,205,1734.05
SET OF 4 NAPKIN CHARMS HEARTS,763,1733.37
CARD HOLDER GINGHAM HEART,605,1732.41
PEACE WOODEN BLOCK LETTERS,348,1731.36
FILIGREE HEART BIRD WHITE,1397,1726.3
RED STAR CARD HOLDER,801,1723.79
VINTAGE GLASS T-LIGHT HOLDER,2130,1723.62
SET OF 12 T-LIGHTS VINTAGE DOILY,918,1721.7
CARD DOLLY GIRL,4319,1721.37
DAIRY MAID STRIPE MUG,1907,1721.09
MONSTERS STENCIL CRAFT,1398,1720.42
FAIRY TALE COTTAGE NIGHT LIGHT,913,1719.15
EASTER TIN KEEPSAKE,1081,1718.85
IVORY EMBROIDERED QUILT,46,1715.9
MINIATURE ANTIQUE ROSE HOOK IVORY,2070,1715.7
12 PENCILS TALL TUBE SKULLS,2019,1709.91
METAL SIGN EMPIRE TEA,1495,1706.81
LAVENDER SCENTED FABRIC HEART,1352,1705.28
TEA PARTY BIRTHDAY CARD,4165,1702.79
STRAWBERRY RAFFIA FOOD COVER,495,1702.65
RED RETROSPOT OVEN GLOVE DOUBLE,576,1699.2
GEORGIAN TRINKET BOX,142,1694.0
KINGS CHOICE GIANT TUBE MATCHES,731,1691.25
HOT STUFF HOT WATER BOTTLE,528,1689.9
WRAP SUKI AND FRIENDS,4075,1687.5
PINK  HEART SHAPE LOVE BUCKET,1016,1686.52
KNICKERBOCKERGLORY MAGNET ASSORTED,2106,1679.34
LED TEA LIGHTS,596,1679.24
PACK OF 20 SKULL PAPER NAPKINS,2068,1675.24
I CAN ONLY PLEASE ONE PERSON MUG,1357,1668.89
REGENCY TEA SPOON,1404,1666.8
WOODEN TREE CHRISTMAS SCANDINAVIAN,4808,1665.16
MINI CAKE STAND  HANGING STRAWBERY,1248,1665.08
PACK OF 6 SKULL PAPER PLATES,2194,1663.3
AFGHAN SLIPPER SOCK PAIR,511,1662.95
VINTAGE PAISLEY STATIONERY SET,1163,1658.69
LOVE HEART POCKET WARMER,2620,1657.7
SET 12 KIDS  WHITE CHALK STICKS,4095,1653.24
GREEN POLKADOT BOWL,1373,1649.06
DOORMAT NEIGHBOURHOOD WITCH,253,1645.67
BROCANTE SHELF WITH HOOKS,155,1645.45
TEA TIME TABLE CLOTH,180,1642.68
DOCTOR'S BAG SOFT TOY,174,1640.18
VINTAGE BILLBOARD LOVE/HATE MUG,1535,1637.71
3 RAFFIA RIBBONS 50'S CHRISTMAS,1792,1632.4
PETIT TRAY CHIC,1007,1629.83
MINI JIGSAW SPACEBOY,4414,1628.3
SET OF 2 CERAMIC PAINTED HEARTS,1166,1625.9
ROTATING LEAVES T-LIGHT HOLDER,1228,1624.73
GREEN POLKADOT PLATE,1014,1623.1
RED METAL BEACH SPADE,1289,1613.67
ROSE 3 WICK MORRIS BOX CANDLE,1105,1611.45
JINGLE BELL HEART ANTIQUE GOLD,765,1610.27
WHITE JEWELLED HEART DECORATION,1986,1609.8
T-LIGHT HOLDER SWEETHEART HANGING,838,1605.84
GENTLEMAN SHIRT REPAIR KIT,1992,1602.72
DAIRY MAID LARGE MILK JUG,327,1593.45
SET OF 12  VINTAGE POSTCARD SET,2130,1591.42
HEART DECORATION WITH PEARLS,1875,1588.16
BASKET OF TOADSTOOLS,1322,1574.98
SILVER STARS TABLE DECORATION,1948,1574.6
12 PENCILS TALL TUBE WOODLAND,1851,1573.35
ROBOT BIRTHDAY CARD,3795,1573.12
POMPOM CURTAIN,337,1570.15
SET 36 COLOURING PENCILS DOILY,1294,1568.86
LAUREL HEART ANTIQUE SILVER,1290,1567.0
BIRD HOUSE HOT WATER BOTTLE,618,1564.61
SKULLS PARTY BAG + STICKER SET,982,1562.7
POLYESTER FILLER PAD 45x45cm,1008,1562.4
SMALL MARSHMALLOWS PINK BOWL,3301,1561.63
3 ROSE MORRIS BOXED CANDLES,1072,1560.64
COFFEE MUG PINK PAISLEY DESIGN,684,1559.44
BLUE REFECTORY CLOCK,162,1557.9
PARTY CHARMS 50 PIECES,2093,1554.31
RETROSPOT WOODEN HEART DECORATION,1852,1553.92
ROUND STORAGE TIN VINTAGE LEAF,853,1552.51
FAIRY CAKE BIRTHDAY CANDLE SET,428,1547.4
HOME SWEET HOME HANGING HEART,1823,1546.43
HANGING  BUTTERFLY T-LIGHT HOLDER,1322,1541.62
RED POLKADOT BEAKER,3822,1538.62
FRENCH TOILET SIGN BLUE METAL,1274,1536.71
YELLOW GIANT GARDEN THERMOMETER,251,1535.57
SKULL AND CROSSBONES  GARLAND,982,1533.9
HEART T-LIGHT HOLDER WILLIE WINKIE,928,1533.84
REGENCY MIRROR WITH SHUTTERS,10,1530.0
ENAMEL FIRE BUCKET CREAM,221,1528.73
MAGNETS PACK OF 4 SWALLOWS,2545,1528.68
BAKING MOULD EASTER EGG WHITE CHOC,560,1527.2
SET 36 COLOUR PENCILS DOLLY GIRL,1296,1522.72
SKULLS  WATER TRANSFER TATTOOS,1872,1522.4
BALLOON PUMP WITH 10 BALLOONS,779,1521.23
HANGING CHICK  YELLOW DECORATION,1088,1520.0
TEA FOR ONE POLKADOT,345,1519.01
GLASS JAR DAISY FRESH COTTON WOOL,539,1513.25
DAISY GARDEN MARKER,1078,1513.1
PACK OF 12 WOODLAND TISSUES,5295,1512.93
BOTTLE BAG RETROSPOT,1038,1510.89
DOG BOWL VINTAGE CREAM,354,1507.92
PACK OF 12 SKULL TISSUES,5166,1506.24
CAKE STAND LOVEBIRD 2 TIER WHITE,214,1499.5
SWEETHEART WIRE FRUIT BOWL,198,1497.8
"DIAMANTE HEART SHAPED WALL MIRROR,",267,1490.65
HEN HOUSE DECORATION,901,1486.65
BULL DOG BOTTLE TOP WALL CLOCK,185,1484.25
OFFICE MUG WARMER PINK,553,1482.89
FAIRY CAKE DESIGN UMBRELLA,411,1482.87
POSTE FRANCE CUSHION COVER,395,1481.25
CHRISTMAS GINGHAM TREE,1744,1480.06
RED COAT RACK PARIS FASHION,327,1479.69
FILIGREE HEART DAISY WHITE,1199,1478.59
PINK HANGING HEART T-LIGHT HOLDER,823,1476.13
WHITE TALL PORCELAIN T-LIGHT HOLDER,673,1471.35
ROMANTIC PINKS RIBBONS,1198,1471.35
FRENCH LAUNDRY SIGN BLUE METAL,919,1465.31
DANISH ROSE PHOTO FRAME,1424,1461.6
ANGEL DECORATION 3 BUTTONS,3532,1457.52
COSY HOUR CIGAR BOX MATCHES,1187,1456.39
OFFICE MUG WARMER POLKADOT,503,1454.99
I LOVE LONDON MINI BACKPACK,360,1454.0
RED VINTAGE SPOT BEAKER,1782,1452.3
CREAM FELT EASTER EGG BASKET,916,1450.2
CITRONELLA CANDLE FLOWERPOT,701,1448.1
VINTAGE UNION JACK PENNANT,742,1446.9
STRAWBERRY HONEYCOMB  GARLAND,1220,1446.6
COWBOYS AND INDIANS BIRTHDAY CARD,3581,1444.75
SET/3 OCEAN SCENT CANDLE JEWEL BOX,350,1443.5
ROCOCO WALL MIRROR WHITE,75,1442.25
SET OF 4 FAIRY CAKE PLACEMATS,647,1441.25
OFFICE MUG WARMER CHOC+BLUE,517,1434.09
LADS ONLY TISSUE BOX,1578,1432.04
MAGIC DRAWING SLATE DOLLY GIRL,3514,1431.96
GLASS JAR DIGESTIVE BISCUITS,519,1429.97
FOLDING BUTTERFLY MIRROR HOT PINK,1839,1427.99
SET OF 4 SANTA PLACE SETTINGS,1158,1427.34
12 EGG HOUSE PAINTED WOOD,111,1425.27
FRENCH KITCHEN SIGN BLUE METAL,1176,1423.89
BLUE OWL SOFT TOY,489,1423.35
POTTING SHED ROSE CANDLE,445,1423.03
CARD MOTORBIKE SANTA,3438,1420.2
PAPER CHAIN KIT SKULLS,507,1415.65
DISCO BALL CHRISTMAS DECORATION,12714,1408.56
WHEELBARROW FOR CHILDREN,112,1406.4
SET/3 ROSE CANDLE IN JEWELLED BOX,340,1406.28
SPACEBOY CHILDRENS EGG CUP,1118,1405.97
APPLE BATH SPONGE,1102,1400.49
SET 12 COLOUR PENCILS DOLLY GIRL,2155,1398.35
CAT BOWL VINTAGE CREAM,431,1396.95
WHITE BELL HONEYCOMB PAPER,925,1391.85
CLASSIC FRENCH STYLE BASKET GREEN,331,1388.65
SMALL HEART FLOWERS HOOK,1679,1386.75
EMPIRE GIFT WRAP,3400,1384.0
WRAP PAISLEY PARK,3275,1375.5
12 COLOURED PARTY BALLOONS,2110,1373.3
CHILDRENS TOY COOKING UTENSIL SET,680,1371.48
CAST IRON HOOK GARDEN FORK,513,1371.43
GLAMOROUS  MUG,1269,1370.73
LARGE POPCORN HOLDER,873,1370.45
PENCIL CASE LIFE IS BEAUTIFUL,472,1368.2
TOOL BOX SOFT TOY,146,1368.14
WOODEN REGATTA BUNTING,229,1362.55
3 WHITE CHOC MORRIS BOXED CANDLES,884,1362.44
3D CHRISTMAS STAMPS STICKERS,1075,1361.95
ZINC  STAR T-LIGHT HOLDER,1186,1361.54
CITRONELLA CANDLE GARDEN POT,1085,1356.25
PACK OF 6 HANDBAG GIFT BOXES,529,1348.95
MAGIC DRAWING SLATE CIRCUS PARADE,3293,1348.5
S/4 PINK FLOWER CANDLES IN BOWL,807,1348.19
ZINC BOX SIGN HOME,139,1348.01
IVORY WICKER HEART SMALL,2154,1345.5
CHARLIE + LOLA RED HOT WATER BOTTLE,654,1342.0
RED RETROSPOT PUDDING BOWL,327,1341.75
KINGS CHOICE TEA CADDY,456,1341.28
WRAP VINTAGE PETALS  DESIGN,3300,1338.0
DINOSAUR KEYRINGS ASSORTED,6462,1332.93
KINGS CHOICE BISCUIT TIN,324,1332.6
DRAWER KNOB CERAMIC BLACK,947,1332.35
IVORY CAFE HANGING LAMP,114,1330.5
VINTAGE RED TRIM ENAMEL BOWL,1079,1328.59
SET OF 3 BABUSHKA STACKING TINS,268,1326.6
CARD BIRTHDAY COWBOY,3367,1324.89
FRYING PAN RED RETROSPOT,383,1324.25
CARD HOLDER LOVE BIRD LARGE,220,1323.4
GIN & TONIC DIET GREETING CARD,3217,1320.9
CARD CHRISTMAS VILLAGE,3162,1319.4
SET/6 PURPLE BUTTERFLY T-LIGHTS,689,1318.98
WOODLAND DESIGN  COTTON TOTE BAG,586,1318.5
STRAWBERRY CERAMIC TRINKET POT,1038,1314.54
CIRCUS PARADE CHILDRENS EGG CUP,1047,1313.59
BEADED CHANDELIER T-LIGHT HOLDER,599,1313.29
36 DOILIES DOLLY GIRL,905,1312.25
CARD I LOVE LONDON,3309,1312.12
HANGING HEN ON NEST DECORATION,795,1311.75
DIAMANTE RING ASSORTED IN BOX.,1008,1311.36
MAGNETS PACK OF 4 CHILDHOOD MEMORY,1130,1309.9
PANTRY PASTRY BRUSH,1045,1308.3
WICKER WREATH LARGE,694,1307.36
CHOCOLATE CALCULATOR,785,1306.73
STRAWBERRY BATH SPONGE,1029,1305.61
6 RIBBONS EMPIRE,1035,1304.37
FRENCH BLUE METAL DOOR SIGN 1,1040,1303.64
CHRISTMAS TABLE SILVER CANDLE SPIKE,1606,1303.54
CHRISTMAS RETROSPOT STAR WOOD,1540,1303.54
SILVER MUG BONE CHINA TREE OF LIFE,1138,1303.29
BAG 500g SWIRLY MARBLES,1377,1299.21
SMALL WHITE RETROSPOT MUG IN BOX,711,1298.79
SET OF 4 ENGLISH ROSE COASTERS,1063,1295.59
IVORY CHANDELIER T-LIGHT HOLDER,561,1292.97
APRON APPLE DELIGHT,268,1291.6
"SWISS ROLL TOWEL, CHOCOLATE  SPOTS",789,1291.55
METAL DECORATION NAUGHTY CHILDREN,1456,1286.56
RED RETROSPOT SHOPPING BAG,510,1284.66
FOLKART STAR CHRISTMAS DECORATIONS,3017,1282.41
CABIN BAG VINTAGE PAISLEY,64,1279.2
WALL ART VINTAGE HEART,327,1278.87
FLOWER VINE RAFFIA FOOD COVER,338,1278.63
HANGING HEART MIRROR DECORATION,1969,1276.85
PACK OF 6 LARGE FRUIT STRAWS,2156,1276.33
ROSE SCENT CANDLE IN JEWELLED BOX,316,1275.92
TRAVEL CARD WALLET TRANSPORT,3044,1275.6
VINTAGE RED ENAMEL TRIM PLATE,790,1274.7
PACK OF 12 50'S CHRISTMAS TISSUES,3419,1272.93
MULTICOLOUR HONEYCOMB PAPER GARLAND,1010,1272.9
CARD CIRCUS PARADE,3088,1272.27
MEDINA STAMPED METAL STOOL,33,1268.35
COFFEE MUG BLUE PAISLEY DESIGN,744,1268.06
BOX OF 6 ASSORTED COLOUR TEASPOONS,295,1267.99
BALLOONS  WRITING SET,760,1262.2
HANGING FAIRY CAKE DECORATION,724,1262.1
ASS FLORAL PRINT MULTI SCREWDRIVER,2754,1261.69
PARTY CONE CHRISTMAS DECORATION,1505,1260.53
MOUSE TOY WITH PINK T-SHIRT,335,1260.05
CARD HOLDER LOVE BIRD SMALL,320,1255.76
PACK OF 6 SKULL PAPER CUPS,2050,1254.74
CHERRY BLOSSOM  DECORATIVE FLASK,339,1253.97
4 VANILLA BOTANICAL CANDLES,900,1252.5
SAVOY ART DECO CLOCK,231,1251.25
CARDHOLDER GINGHAM CHRISTMAS TREE,374,1250.84
POTTING SHED CANDLE CITRONELLA,402,1250.82
HEART DECORATION PAINTED ZINC,2024,1250.2
SUNSET CHECK HAMMOCK,167,1249.65
PINK PAPER PARASOL,428,1248.28
PLAYING CARDS I LOVE LONDON,1065,1247.25
PAPER CHAIN KIT LONDON,438,1246.94
MAKE YOUR OWN PLAYTIME CARD KIT,628,1245.88
WHITE HANGING BEADS CANDLE HOLDER,239,1244.95
VINTAGE CHRISTMAS PAPER GIFT BAG,1563,1241.66
REINDEER HEART DECORATION SILVER,1461,1241.59
CLASSIC FRENCH STYLE BASKET BROWN,296,1240.44
TV DINNER TRAY VINTAGE PAISLEY,437,1239.39
SET OF 4 KNICK KNACK TINS LEAVES,304,1237.2
LIPSTICK PEN RED,2812,1236.12
SAVE THE PLANET COTTON TOTE BAG,549,1235.25
WOOD STAMP SET THANK YOU,1289,1234.1
TV DINNER TRAY DOLLY GIRL,293,1234.07
FRENCH ENAMEL POT W LID,551,1233.31
PIG KEYRING WITH LIGHT & SOUND,1316,1231.34
DAIRY MAID TRADITIONAL TEAPOT,179,1230.05
CHARLIE & LOLA WASTEPAPER BIN FLORA,977,1228.25
GLASS JAR MARMALADE,454,1226.94
FRIDGE MAGNETS US DINER ASSORTED,1482,1226.4
SKULL DESIGN TV DINNER TRAY,281,1225.95
CALENDAR IN SEASON DESIGN,478,1225.49
MIRROR CORNICE,83,1223.25
YELLOW COAT RACK PARIS FASHION,270,1222.74
PENS ASSORTED SPACEBALL,5636,1219.88
SWALLOW WOODEN CHRISTMAS DECORATION,1419,1218.63
PORCELAIN ROSE SMALL,1560,1218.36
SILK PURSE BABUSHKA PINK,365,1217.68
MARIE ANTOINETTE TRINKET BOX GOLD,316,1217.6
GROW YOUR OWN HERBS SET OF 3,153,1216.35
SET/10 IVORY POLKADOT PARTY CANDLES,975,1215.81
SET OF 4 ROSE BOTANICAL CANDLES,811,1211.25
FRYING PAN PINK POLKADOT,326,1209.54
SINGLE WIRE HOOK IVORY HEART,875,1209.15
OVERNIGHT BAG VINTAGE ROSE PAISLEY,244,1207.8
PENNY FARTHING BIRTHDAY CARD,2915,1203.49
WALL ART VILLAGE SHOW,227,1201.61
Next Day Carriage,79,1200.0
SCHOOL DESK AND CHAIR,19,1199.75
SET OF 16 VINTAGE PISTACHIO CUTLERY,94,1198.5
HERB MARKER ROSEMARY,1858,1195.7
4 LAVENDER BOTANICAL DINNER CANDLES,840,1195.0
UNION JACK FLAG PASSPORT COVER,610,1192.44
VINTAGE UNION JACK DOORSTOP,204,1190.8
HANGING CHICK GREEN DECORATION,821,1190.45
MAGIC SHEEP WOOL GROWING FROM PAPER,1212,1190.0
GARLAND WITH STARS AND BELLS,250,1187.1
WRAP CIRCUS PARADE,2852,1181.84
"FEATHER PEN,COAL BLACK",2462,1180.26
SET 12 COLOURING PENCILS DOILY,1874,1179.7
TOY TIDY DOLLY GIRL DESIGN,642,1178.18
PAPER BUNTING VINTAGE PARTY,421,1177.95
GROW YOUR OWN FLOWERS SET OF 3,292,1177.8
6 ROCKET BALLOONS,1768,1176.8
"KEY FOB , FRONT  DOOR",1915,1176.73
SPACEBOY ROCKET LOLLY MAKERS,592,1175.68
ORGANISER WOOD ANTIQUE WHITE,139,1171.3
HERB MARKER THYME,1819,1170.35
12 PENCILS TALL TUBE POSY,3809,1169.01
SET/4 SPRING FLOWER DECORATION,1045,1164.35
FIVE HEART HANGING DECORATION,396,1161.0
HEART CALCULATOR,1017,1160.88
METAL MERRY CHRISTMAS WREATH,622,1160.1
PACK OF 20 SPACEBOY NAPKINS,1488,1150.38
HANGING ENGRAVED METAL HEART,277,1149.55
WRAP DOLLY GIRL,2775,1149.5
LARGE ROUND WICKER PLATTER,193,1148.35
ENGLISH ROSE NOTEBOOK A7 SIZE,2729,1147.0
SET OF 4 DIAMOND NAPKIN RINGS,145,1146.97
SET OF 72 SKULL PAPER  DOILIES,816,1144.8
"KEY FOB , BACK DOOR",1746,1142.86
VINTAGE SEASIDE JIGSAW PUZZLES,305,1142.53
POLKADOT COFFEE CUP & SAUCER PINK,1435,1142.29
"KEY FOB , GARAGE DESIGN",1872,1141.92
HOME SWEET HOME 2 DRAWER CABINET,237,1137.95
IVORY WIRE KITCHEN ORGANISER,116,1137.65
CERAMIC PIRATE CHEST MONEY BANK,800,1136.0
WOODLAND BUNNIES LOLLY MAKERS,566,1135.52
FOLDING UMBRELLA RED/WHITE POLKADOT,229,1134.58
"WHITE TEA,COFFEE,SUGAR JARS",622,1134.5
ANTIQUE ALL GLASS CANDLESTICK,567,1133.3
SANDALWOOD FAN,1559,1133.15
DOLLY GIRL CHILDRENS EGG CUP,905,1132.46
PACK OF 12 PINK POLKADOT TISSUES,3985,1129.79
MINI PLAYING CARDS BUFFALO BILL,2841,1129.02
SNOWFLAKE PORTABLE TABLE LIGHT,367,1128.09
LOVE LARGE WOOD LETTERS,91,1127.85
CERAMIC BOWL WITH STRAWBERRY DESIGN,544,1127.2
CHRISTMAS METAL POSTCARD WITH BELLS,2704,1125.94
VINTAGE EMBOSSED HEART,904,1124.96
HERB MARKER PARSLEY,1776,1122.4
LARGE CAKE STAND HANGING HEARTS,233,1118.95
EUCALYPTUS & PINECONE  WREATH,311,1118.65
GIN AND TONIC DIET METAL SIGN,474,1118.46
NATURAL HANGING QUILTED HEARTS,1432,1117.28
MINI PLAYING CARDS SPACEBOY,2718,1116.36
CHARLIE+LOLA PINK HOT WATER BOTTLE,449,1112.91
SET OF 6 3D KIT CARDS FOR KIDS,1322,1107.08
SMALL RED BABUSHKA NOTEBOOK,1802,1106.44
RIBBON REEL SOCKS AND MITTENS,673,1106.13
CERAMIC CAKE DESIGN SPOTTED PLATE,757,1104.89
BLUE POLKADOT GARDEN PARASOL,148,1104.6
ASSORTED BOTTLE TOP  MAGNETS,2928,1104.36
EMERGENCY FIRST AID TIN,890,1102.64
SET OF 36 DOILIES SPACEBOY DESIGN,800,1102.4
DINOSAUR PARTY BAG + STICKER SET,684,1101.44
BIRDS MOBILE VINTAGE DESIGN,183,1100.21
MARIE ANTOINETTE TRINKET BOX SILVER,326,1099.0
TV DINNER TRAY AIR HOSTESS,360,1097.68
BLUE POLKADOT BEAKER,2812,1096.68
MEASURING TAPE BABUSHKA PINK,388,1094.8
4 PEAR BOTANICAL DINNER CANDLES,755,1093.75
ASSORTED CREEPY CRAWLIES,2599,1093.63
HANGING PHOTO CLIP ROPE LADDER,692,1092.88
FRENCH BLUE METAL DOOR SIGN 2,874,1092.51
CHERUB HEART DECORATION SILVER,1297,1090.43
CHRISTMAS RETROSPOT TREE WOOD,1295,1089.83
KITCHEN METAL SIGN,1956,1088.56
WALL ART LOVES' SECRET,229,1082.11
GLITTER HEART GARLAND WITH BELLS,291,1079.84
ANT WHITE WIRE HEART SPIRAL,286,1076.66
BIG DOUGHNUT FRIDGE MAGNETS,1266,1076.1
SET OF 2 CERAMIC CHRISTMAS TREES,755,1075.55
EMBROIDERED RIBBON REEL DAISY,558,1075.38
RED RETROSPOT STORAGE JAR,300,1074.6
CARD GINGHAM ROSE,2678,1073.74
EMBROIDERED RIBBON REEL SUSIE,556,1072.96
HERB MARKER MINT,1669,1072.85
LAVENDER TOILETTE BOTTLE,534,1068.96
50'S CHRISTMAS PAPER GIFT BAG,1327,1068.14
OVAL WALL MIRROR DIAMANTE,121,1059.95
TRAVEL CARD WALLET UNION JACK,2527,1059.9
VINTAGE BILLBOARD MUG,1033,1059.79
HERB MARKER CHIVES,1648,1059.2
GLITTER HEART DECORATION,2435,1056.73
SMALL HAMMERED SILVER CANDLEPOT,358,1056.1
AIRLINE BAG VINTAGE JET SET BROWN,253,1056.05
DOLLY GIRL WALL ART,318,1055.94
FAUX FUR CHOCOLATE THROW,66,1055.7
GLITTER CHRISTMAS STAR,2465,1054.63
LARGE CHINESE STYLE SCISSOR,1273,1053.45
SET 36 COLOUR PENCILS LOVE LONDON,901,1053.29
ROSE 1 WICK MORRIS BOXED CANDLE,742,1051.52
EMBROIDERED RIBBON REEL EMILY,526,1050.58
MINI JIGSAW DOLLY GIRL,2824,1050.41
ROCKING HORSE GREEN CHRISTMAS,1265,1050.29
CHARLIE AND LOLA TABLE TINS,513,1048.35
PRETTY HANGING QUILTED HEARTS,1274,1046.86
70'S ALPHABET WALL ART,150,1043.1
FRIDGE MAGNETS LES ENFANTS ASSORTED,1281,1042.05
JUNGLE POPSICLES ICE LOLLY MOULDS,833,1041.16
GARLAND WITH HEARTS AND BELLS,218,1037.1
LOVE HEART TRINKET POT,2248,1035.38
SET OF 16 VINTAGE BLACK CUTLERY,87,1035.06
HOME SMALL WOOD LETTERS,209,1034.55
DISCO BALL ROTATOR BATTERY OPERATED,244,1034.0
WRAP  VINTAGE DOILY,2450,1029.0
EMBROIDERED RIBBON REEL SOPHIE,292,1028.76
VINTAGE BILLBOARD DRINK ME MUG,849,1025.98
NO JUNK MAIL METAL SIGN,1785,1021.23
DRAWER KNOB VINTAGE GLASS STAR,504,1019.05
VINTAGE UNION JACK SHOPPING BAG,219,1016.85
TRELLIS COAT RACK,217,1016.55
SET OF 6 KASHMIR FOLKART BAUBLES,564,1016.4
WALL ART MID CENTURY MODERN,164,1015.78
MINI PLAYING CARDS DOLLY GIRL,2476,1014.72
SMALL PURPLE BABUSHKA NOTEBOOK,1577,1012.78
ANGEL DECORATION STARS ON DRESS,2459,1012.62
HANGING CLEAR MINI BOTTLE,1710,1012.02
"AIRLINE LOUNGE,METAL SIGN",497,1011.41
SPACEBOY TV DINNER TRAY,244,1009.04
MAGNETS PACK OF 4 VINTAGE COLLAGE,1705,1008.14
SWEETHEART WALL TIDY,108,1007.08
SILVER HEARTS TABLE DECORATION,1245,1006.95
PACK OF 12 PINK PAISLEY TISSUES,3309,1003.95
HANGING QUILTED PATCHWORK APPLES,1215,1003.17
PACK OF 12 VINTAGE CHRISTMAS TISSUE,2642,1000.14
I LOVE LONDON BEAKER,827,999.75
RED RETROSPOT PURSE,340,998.2
FRENCH BLUE METAL DOOR SIGN No,859,997.2
ZINC  HEART T-LIGHT HOLDER,830,997.18
MILK PAN RED RETROSPOT,310,996.13
MISELTOE HEART WREATH CREAM,240,996.0
CHRISTMAS HANGING TREE WITH BELL,1859,995.3
RIBBON REEL FLORA + FAUNA,595,994.87
SET 12 COLOUR PENCILS LOVE LONDON,1531,992.75
HEART MINI PORTRAIT FRAME,510,990.9
GLASS JAR PEACOCK BATH SALTS,349,987.23
PENS ASSORTED FUNKY JEWELED,4933,984.73
RED FLOWER CROCHET FOOD COVER,267,982.49
DINOSAURS  WRITING SET,589,980.05
FRIDGE MAGNETS LA VIE EN ROSE,1188,978.6
VINTAGE KID DOLLY CARD,2393,971.11
PLACE SETTING WHITE STAR,2351,967.55
PIZZA PLATE IN BOX,293,967.48
CHARLIE + LOLA BISCUITS TINS,455,967.25
"HOOK, 1 HANGER ,MAGIC GARDEN",1199,966.11
BROWN CHECK CAT DOORSTOP,233,965.0
CAKE STAND LOVEBIRD 2 TIER PINK,124,964.4
5 HOOK HANGER MAGIC TOADSTOOL,631,964.35
GREY FLORAL FELTCRAFT SHOULDER BAG,257,963.75
CAST IRON HOOK GARDEN TROWEL,375,962.73
TOAST ITS - I LOVE YOU,777,961.65
SET OF 2 CHRISTMAS DECOUPAGE CANDLE,1048,961.4
PACK OF 12 SPACEBOY TISSUES,2957,961.29
FOLDING BUTTERFLY MIRROR RED,1252,961.28
FRENCH GARDEN SIGN BLUE METAL,772,960.58
PACK OF 6 COCKTAIL PARASOL STRAWS,2465,960.42
EMBROIDERED RIBBON REEL RACHEL,358,957.82
SILVER RECORD COVER FRAME,272,955.86
DRAWER KNOB CERAMIC RED,685,952.45
DANISH ROSE ROUND SEWING BOX,811,951.79
MEASURING TAPE BABUSHKA BLUE,334,951.7
"FEATHER PEN,LIGHT PINK",1936,951.54
SET OF 16 VINTAGE SKY BLUE CUTLERY,78,951.3
LARGE RED BABUSHKA NOTEBOOK,1009,950.46
"ART LIGHTS,FUNK MONKEY",355,950.45
ZINC HEART FLOWER T-LIGHT HOLDER,760,947.18
SMALL HANGING IVORY/RED WOOD BIRD,2234,946.07
ASSORTED EASTER GIFT TAGS,1156,945.16
MUSICAL ZINC HEART DECORATION,2499,943.93
WRAP GINGHAM ROSE,2276,943.92
LARGE PURPLE BABUSHKA NOTEBOOK,1122,942.02
POLKA DOT RAFFIA FOOD COVER,250,941.21
FRENCH BLUE METAL DOOR SIGN 3,751,941.18
CARDHOLDER GINGHAM STAR,323,940.49
YELLOW METAL CHICKEN HEART,676,938.12
HOME SWEET HOME 3 PEG HANGER,256,937.92
KIDS RAIN MAC BLUE,1203,936.93
WALL ART BUFFALO BILL,322,936.42
WALL ART GARDEN HAVEN,210,936.34
12 IVORY ROSE PEG PLACE SETTINGS,749,936.25
TRAVEL CARD WALLET SUKI,2236,936.24
EASTER TIN CHICKS PINK DAISY,567,935.55
GROW YOUR OWN PLANT IN A CAN,763,935.51
AIRLINE BAG VINTAGE WORLD CHAMPION,221,935.33
RED RETROSPOT TISSUE BOX,2087,933.24
FRENCH BLUE METAL DOOR SIGN 5,745,932.47
DECORATIVE WICKER HEART SMALL,1492,932.28
SILVER PLATE CANDLE BOWL SMALL,316,932.2
EASTER TIN BUCKET,405,931.95
APRON MODERN VINTAGE COTTON,443,931.85
WHITE HEART CONFETTI IN TUBE,964,931.56
MINI FUNKY DESIGN TAPES,1226,930.3
TEA PARTY  WRAPPING PAPER,2250,929.0
RAINY LADIES BIRTHDAY CARD,2304,928.99
STAR DECORATION PAINTED ZINC,4179,925.71
STAR DECORATION RUSTIC,2203,925.26
ANIMALS AND NATURE WALL ART,267,923.97
ZINC SWEETHEART WIRE LETTER RACK,248,923.63
EMBROIDERED RIBBON REEL ROSIE,485,923.54
EMPIRE TISSUE BOX,1945,922.79
EGG CUP MILKMAID HEIDI,786,922.02
4 IVORY DINNER CANDLES SILVER FLOCK,453,921.39
CUT GLASS HEXAGON T-LIGHT HOLDER,530,918.06
PORCELAIN T-LIGHT HOLDERS ASSORTED,730,916.13
MINI JIGSAW CIRCUS PARADE,2451,915.78
200 RED + WHITE BENDY STRAWS,761,914.77
SET/4 SKULL BADGES,734,913.7
BOUDOIR SQUARE TISSUE BOX,1957,911.72
EMBROIDERED RIBBON REEL SALLY,458,909.14
ORANGE TV TRAY TABLE,461,908.15
PINK METAL CHICKEN HEART,671,907.63
CAKE PLATE LOVEBIRD PINK,315,902.85
MINI PLAYING CARDS GYMKHANA,2298,902.16
SET OF 6 T-LIGHTS EASTER CHICKS,320,899.8
HOME SWEET HOME BOTTLE,438,897.12
ADULT APRON APPLE DELIGHT,180,896.88
WALL ART DOLLY GIRL,311,896.37
ICE CREAM DESIGN GARDEN PARASOL,193,894.35
BLACK ENCHANTED FOREST PLACEMAT,585,893.25
SKULLS  STICKERS,1054,891.22
DANISH ROSE FOLDING CHAIR,112,890.4
TOAST ITS - BEST MUM,753,888.45
SKULLS WRITING SET,538,887.7
SLEEPING CAT ERASERS,4598,886.08
SPACEBOY WALL ART,306,885.9
TRAVEL CARD WALLET RETROSPOT,2107,883.5
LARGE MEDINA STAMPED METAL BOWL,177,881.16
FANNY'S REST STOPMETAL SIGN,421,879.18
WALL ART THE MAGIC FOREST,144,876.64
VANILLA INCENSE IN TIN,2066,876.34
MEDIUM MEDINA STAMPED METAL BOWL,297,876.15
WHITE HEARTS WIRE PLANT POT HOLDER,324,873.56
TRAVEL CARD WALLET SKULLS,2078,871.32
PINK POLKADOT GARDEN PARASOL,115,866.25
CREAM SWEETHEART LETTER RACK,205,866.05
WRAP RED VINTAGE DOILY,2100,866.0
BLUE PAPER PARASOL,307,865.65
IVORY HANGING DECORATION  BIRD,1018,865.3
WHITE SOAP RACK WITH 2 BOTTLES,161,864.35
3D DOG PICTURE PLAYING CARDS,293,864.35
ENGLISH ROSE SPIRIT LEVEL,948,860.88
EMBROIDERED RIBBON REEL REBECCA,312,860.88
"NURSERY A,B,C PAINTED LETTERS",192,859.2
"ELEPHANT, BIRTHDAY CARD,",2114,859.08
FRENCH CARRIAGE LANTERN,132,858.9
HEART DECORATION RUSTIC HANGING,4143,857.33
PARTY INVITES WOODLAND,1049,855.77
FRENCH LAVENDER SCENT HEART,975,855.45
SET OF 6 FUNKY BEAKERS,300,854.04
WALL ART WORK REST AND PLAY,205,853.47
BOX OF 9 PEBBLE CANDLES,453,853.35
4 LILY  BOTANICAL DINNER CANDLES,473,851.75
WICKER WREATH SMALL,695,850.87
RED RETROSPOT BIG BOWL,175,849.45
JAM CLOCK MAGNET,312,845.5
BUFFALO BILL WALL ART,246,845.22
WRAP COWBOYS,2050,845.0
RED HEARTS LIGHT CHAIN,434,844.34
3 GARDENIA MORRIS BOXED CANDLES,492,844.04
SET/3 CHRISTMAS DECOUPAGE CANDLES,827,842.51
IVORY KNITTED MUG COSY,531,841.79
SET OF 2 TINS JARDIN DE PROVENCE,240,840.2
BOOM BOX SPEAKER GIRLS,487,839.05
3D HEARTS  HONEYCOMB PAPER GARLAND,294,838.5
CLOCK MAGNET MUM'S KITCHEN,304,837.88
GOLD MUG BONE CHINA TREE OF LIFE,729,835.61
SMALL SILVER FLOWER CANDLE POT,283,834.85
TREASURE AHOY WALL ART,270,833.46
SET/3 DECOUPAGE STACKING TINS,175,832.65
DOLLY MIXTURE CHILDREN'S UMBRELLA,255,832.13
BLUE POLKADOT COFFEE MUG,2047,830.82
WIRE EGG BASKET,110,827.5
GLITTER STAR GARLAND WITH BELLS,223,825.45
BALLOON ART MAKE YOUR OWN FLOWERS,900,825.24
JIGSAW TREE WITH BIRDHOUSE,869,823.17
PLAYING CARDS VINTAGE DOILY,677,822.73
WOOD STAMP SET BEST WISHES,914,822.57
CHEST 7 DRAWER MA CAMPAGNE,34,821.3
AIRLINE BAG VINTAGE JET SET WHITE,193,820.69
CHOCOLATE 3 WICK MORRIS BOX CANDLE,558,820.5
EGG FRYING PAN RED,405,820.32
FRENCH STYLE STORAGE JAR CAFE,1982,819.46
TEA TIME DES TEA COSY,330,818.71
SMALL REGAL  SILVER CANDLEPOT,303,817.05
SET OF 16 VINTAGE RED CUTLERY,62,814.92
CHERRY CROCHET FOOD COVER,215,813.67
RETRO PLASTIC ELEPHANT TRAY,1105,812.53
FRENCH BLUE METAL DOOR SIGN 4,647,810.57
HOT BATHS SOAP HOLDER,479,809.51
WOOD STAMP SET FLOWERS,783,808.38
MOTORING TISSUE BOX,1828,806.76
CHARLIE & LOLA WASTEPAPER BIN BLUE,657,805.75
MULTICOLOUR SPRING FLOWER MUG,2042,803.74
WOOD STAMP SET HAPPY BIRTHDAY,825,802.82
ASSORTED TUTTI FRUTTI PEN,2452,801.24
HEART SHAPE WIRELESS DOORBELL,446,798.84
WRAP GREEN PEARS,1900,798.0
HORSE & PONY WALL ART,256,797.31
SMALL BONNE JAM JAR  T-LIGHT HOLDER,416,795.68
LIPSTICK PEN FUSCHIA,1925,795.2
BLUE POT PLANT CANDLE,263,794.45
PING MICROWAVE APRON,443,794.39
BLUE SAVANNAH PICNIC HAMPER FOR 2,69,793.35
NINE DRAWER OFFICE TIDY,55,792.85
WHITE GOOSE FEATHER CHRISTMAS TREE,268,790.6
ASSORTED TUTTI FRUTTI SMALL PURSE,654,790.14
FELT EGG COSY CHICKEN,924,788.52
LARGE WHITE HONEYCOMB PAPER BELL,394,788.04
FRENCH BLUE METAL DOOR SIGN 6,627,785.57
ZINC HEART LATTICE T-LIGHT HOLDER,647,785.47
LOCAL CAFE MUG,566,785.13
PACK OF 12 VINTAGE DOILY TISSUES,2087,783.69
TRAVEL CARD WALLET PANTRY,1862,783.68
CHRISTMAS DECOUPAGE CANDLE,1821,782.77
PURPLE PAPER PARASOL,272,782.4
SMALL POLKADOT CHOCOLATE GIFT BAG,920,782.0
"BLACK TEA,COFFEE,SUGAR JARS",451,779.45
VINTAGE BEAD PINK PURSE,814,776.42
REINDEER HEART DECORATION GOLD,930,775.26
SMALL CHOCOLATES PINK BOWL,1662,775.02
6 RIBBONS SHIMMERING PINKS,1001,774.59
HAPPY EASTER HANGING DECORATION,211,773.97
FRENCH BLUE METAL DOOR SIGN 7,618,773.11
RED LOVE HEART SHAPE CUP,935,772.91
PHOTO FRAME LINEN AND LACE LARGE,208,771.72
FRENCH ENAMEL WATER BASIN,290,771.21
BLUE POLKADOT WASHING UP GLOVES,367,770.7
BIRDCAGE DECORATION TEALIGHT HOLDER,650,770.32
BLUE/CREAM STRIPE CUSHION COVER,622,769.9
"SWISS ROLL TOWEL, PINK  SPOTS",579,769.65
HOME GARLAND PAINTED ZINC,833,769.65
MINI JIGSAW PURDEY,2065,767.83
BAKING MOULD ROSE WHITE CHOCOLATE,258,766.88
PINK  HEART CONFETTI IN TUBE,864,766.56
GINGHAM ROSE WRAP,1825,766.5
SPOTTY PINK DUCK DOORSTOP,225,764.91
MAGIC DRAWING SLATE DINOSAUR,1818,763.56
SKULLS GREETING CARD,1884,763.2
CARD SUKI BIRTHDAY,1858,763.08
FAIRY CAKES NOTEBOOK A6 SIZE,1272,762.99
DOLLY CABINET 3 DRAWERS,51,762.45
WHITE STITCHED WALL CLOCK,837,761.9
HIPPY CHIC DECORATIVE PARASOL,155,761.85
WRAP ALPHABET POSTER,1850,761.0
BOOM BOX SPEAKER BOYS,176,760.5
ASSORTED INCENSE PACK,4032,760.32
RELAX LARGE WOOD LETTERS,127,759.65
CHILDS GARDEN FORK BLUE,923,759.59
"BIRTHDAY CARD, RETRO SPOT",1848,758.88
PANTRY 3 HOOK ROLLING PIN HANGER,202,757.5
SET OF 2 TINS VINTAGE BATHROOM,178,756.5
WRAP BILLBOARD FONTS DESIGN,1800,756.0
MOBILE VINTAGE HEARTS,153,755.25
SCENTED VELVET LOUNGE CANDLE,1788,755.13
EMBROIDERED RIBBON REEL CLAIRE,219,755.01
SWEET HEART CAKE CARRIER,78,754.0
STAR PORTABLE TABLE LIGHT,275,753.65
APOTHECARY MEASURING JAR,64,751.4
JOY WOODEN BLOCK LETTERS,219,748.83
SET 6 FOOTBALL CELEBRATION CANDLES,598,747.5
CARD PSYCHEDELIC APPLES,1810,747.24
HANGING SPRING FLOWER EGG LARGE,901,747.13
ZINC HEARTS PLANT POT HOLDER,275,746.15
PARTY PIZZA DISH RED RETROSPOT,1705,744.91
SET OF 6 HEART CHOPSTICKS,596,743.98
CHILDS GARDEN BRUSH PINK,370,741.0
TOMATO CHARLIE+LOLA COASTER SET,477,739.19
SET/5 RED SPOTTY LID GLASS BOWLS,288,734.4
"WRAP, BILLBOARD FONTS DESIGN",1950,731.0
SMALL GLASS SUNDAE DISH CLEAR,648,730.44
RED ENCHANTED FOREST PLACEMAT,457,730.05
RED TEA TOWEL CLASSIC DESIGN,613,729.77
WHITE BAMBOO RIBS LAMPSHADE,902,728.66
COSMETIC BAG VINTAGE ROSE PAISLEY,355,728.62
IVORY PILLAR CANDLE SILVER FLOCK,394,728.14
PINK FLOWER CROCHET FOOD COVER,193,727.46
SET OF 6 STRAWBERRY CHOPSTICKS,613,725.49
EGG FRYING PAN IVORY,359,724.64
MINI PAINTED GARDEN DECORATION,2452,723.72
CAKE STAND VICTORIAN FILIGREE SMALL,206,723.7
ETCHED GLASS COASTER,1536,722.88
ROSE SCENT CANDLE JEWELLED DRAWER,530,722.5
FELTCRAFT HAIRBAND PINK AND PURPLE,834,721.38
CHILDRENS GARDEN GLOVES BLUE,592,721.0
FRENCH BLUE METAL DOOR SIGN 8,575,720.57
TALL ROCOCO CANDLE HOLDER,90,720.0
SQUARE CHERRY BLOSSOM CABINET,129,719.55
FELTCRAFT HAIRBAND RED AND BLUE,845,718.25
CHILDS GARDEN FORK PINK,844,717.4
STRIPEY CHOCOLATE NESTING BOXES,256,716.8
MIRROR MOSAIC T-LIGHT HOLDER,1533,715.05
MAGNETS PACK OF 4 HOME SWEET HOME,1393,714.6
MIRROR MOSAIC T-LIGHT HOLDER ROUND,1165,714.09
PACK OF 12 BLUE PAISLEY TISSUES,2223,712.73
FELTCRAFT HAIRBANDS PINK AND WHITE,818,712.46
TRAVEL CARD WALLET FLOWER MEADOW,1699,712.14
DANISH ROSE DECORATIVE PLATE,951,710.64
PINK HORSE SOCK PUPPET,247,709.45
TEA COSY RED  STRIPE,293,709.38
TEA TIME TEA SET IN GIFT BOX,102,708.9
SET/6 COLLAGE PAPER PLATES,1672,708.3
LARGE PINK GLASS SUNDAE DISH,848,708.16
BEADED CRYSTAL HEART GREEN LARGE,816,707.7
CARAVAN SQUARE TISSUE BOX,1405,707.63
MORE BUTTER METAL SIGN,685,707.41
MAGIC TREE -PAPER FLOWERS,832,707.2
RING OF ROSES BIRTHDAY CARD,1776,707.04
200 BENDY SKULL STRAWS,638,706.3
COCKTAIL SWORDS 50 PIECES,900,706.08
FELT TOADSTOOL LARGE,594,706.02
WOOD STOCKING CHRISTMAS SCANDISPOT,1090,705.72
MADRAS NOTEBOOK MEDIUM,917,703.95
EGG CUP MILKMAID INGRID,587,703.51
BLACK CANDELABRA T-LIGHT HOLDER,694,702.8
BLACK WINE GLASS,1672,699.96
INFLATABLE POLITICAL GLOBE,823,699.55
RED APPLES CHOPPING BOARD,147,698.85
SANDWICH BATH SPONGE,589,698.25
PAINTED METAL STAR WITH HOLLY BELLS,1450,698.0
PAPER POCKET TRAVELING FAN,6419,697.06
TOXIC AREA  DOOR HANGER,1416,696.4
SET OF 3 BIRD LIGHT PINK FEATHER,1668,695.46
FRENCH STYLE STORAGE JAR BONBONS,2338,695.06
DECORATIVE ROSE BATHROOM BOTTLE,920,693.52
SWALLOW SQUARE TISSUE BOX,1591,692.73
DAISIES  HONEYCOMB GARLAND,419,691.35
MOTHER'S KITCHEN SPOON REST,178,690.71
CHRISTMAS TREE HANGING GOLD,776,690.64
DAIRY MAID TOASTRACK,756,690.12
GARDENIA 3 WICK MORRIS BOXED CANDLE,263,689.79
GOLD MINI TAPE MEASURE,918,688.9
PAINTED METAL HEART WITH HOLLY BELL,1196,687.98
MOODY GIRL DOOR HANGER,1427,686.91
BLACK STITCHED WALL CLOCK,697,686.23
SET OF 6 RIBBONS PERFECTLY PRETTY,245,684.05
VINTAGE LEAF CHOPPING BOARD,144,684.0
WOODLAND  STICKERS,804,683.4
FOLDING UMBRELLA CREAM POLKADOT,139,682.45
ROMANTIC IMAGES GIFT WRAP SET,738,679.8
ZINC FINISH 15CM PLANTER POTS,573,679.01
CHERRY BLOSSOM DECORATIVE FLASK,182,678.18
FRENCH BLUE METAL DOOR SIGN 0,543,678.15
FELTCRAFT HAIRBAND PINK AND BLUE,796,676.6
SCOTTIE DOGS BABY BIB,1663,676.39
GARDENIA 1 WICK MORRIS BOXED CANDLE,211,676.03
KENSINGTON COFFEE SET,53,675.75
BOHEMIAN COLLAGE STATIONERY SET,471,675.53
KIDS RAIN MAC PINK,799,675.13
BRIGHT BLUES RIBBONS,539,673.75
LOVE GARLAND PAINTED ZINC,405,672.65
CINAMMON SET OF 9 T-LIGHTS,798,672.06
CHRISTMAS TREE HANGING SILVER,747,671.77
UNION JACK FLAG LUGGAGE TAG,537,670.46
S/4 IVORY MINI ROSE CANDLE IN BOWL,491,669.91
DRAWER KNOB VINTAGE GLASS BALL,317,669.61
MULTICOLOUR HONEYCOMB FAN,1142,669.12
RED RETROSPOT TAPE,1458,668.94
VINTAGE BEAD PINK EVENING BAG,513,668.88
DOVE DECORATION PAINTED ZINC,2283,668.09
PAPER BUNTING PAISLEY PARK,248,667.6
SMALL SILVER TRELLIS CANDLEPOT,226,666.7
EGG CUP HENRIETTA HEN CREAM,580,664.52
BLOSSOM IMAGES GIFT WRAP SET,751,663.6
CHILDS GARDEN BRUSH BLUE,333,663.3
LARGE BONNE JAM JAR  T-LIGHT HOLDER,254,662.06
WRAP FLOWER SHOP,1575,661.5
SALLE DE BAIN HOOK,503,660.07
TRIPLE WIRE HOOK IVORY HEART,160,658.54
PAPER LANTERN 7 POINT SNOW STAR,99,658.35
VINTAGE RED MUG,688,657.62
PACK OF 6 SMALL FRUIT STRAWS,1648,657.6
SILK PURSE BABUSHKA RED,202,657.5
WHITE CHRISTMAS GARLAND STARS TREES,178,656.7
FAIRY CAKES NOTEBOOK A7 SIZE,1684,655.34
HEARTS  STICKERS,766,655.0
EASTER DECORATION EGG BUNNY,828,654.7
CINAMMON & ORANGE WREATH,101,654.55
PEARLISED IVORY HEART LARGE,415,651.15
ASSORTED EASTER DECORATIONS  BELLS,564,650.28
JAZZ HEARTS ADDRESS BOOK,3057,648.69
EASTER TREE YELLOW BIRDS,109,648.55
CERAMIC PLATE STRAWBERRY DESIGN,578,648.18
T-LIGHT HOLDER HANGING LACE,765,647.51
BANQUET BIRTHDAY  CARD,1572,647.28
DECORATIVE CATS BATHROOM BOTTLE,835,647.03
CARD CAT AND TREE,1560,646.56
BIRD DECORATION RED RETROSPOT,760,646.0
BIRDHOUSE DECORATION MAGIC GARDEN,520,645.44
WASH BAG VINTAGE ROSE PAISLEY,253,645.15
PHOTO FRAME LINEN AND LACE SMALL,310,644.8
WALL ART HORSE & PONY,209,644.67
NAMASTE SWAGAT INCENSE,2427,643.14
RED POLKADOT COFFEE  MUG,1499,642.75
RUSTIC STRAWBERRY JAM POT SMALL,408,642.0
BLOSSOM  IMAGES NOTEBOOK SET,498,640.5
LARGE WHITE/PINK ROSE ART FLOWER,360,639.36
HI TEC ALPINE HAND WARMER,732,639.36
MEASURING TAPE BABUSHKA RED,228,639.0
"BUNTING , SPOTTY",146,634.7
CARD PARTY GAMES,1581,633.78
S/12 VANILLA  BOTANICAL T-LIGHTS,221,632.75
CANDY HEART HANGING DECORATION,1265,631.71
MIRROR MOSAIC VOTIVE HOLDER,837,631.62
MAGIC DRAWING SLATE BUNNIES,1716,631.44
POLKADOT RAIN HAT,1589,631.15
PACK OF 12 PAISLEY PARK TISSUES,1617,630.63
FENG SHUI PILLAR CANDLE,3317,630.23
SMALL APOTHECARY MEASURING JAR,81,629.05
SET/6 FROG PRINCE T-LIGHT CANDLES,434,628.47
JARDIN ETCHED GLASS FRUITBOWL,123,627.45
OVAL  MINI PORTRAIT FRAME,323,627.45
MR ROBOT SOFT TOY,211,626.45
IVORY ENCHANTED FOREST PLACEMAT,394,626.1
TRAVEL CARD WALLET RETRO PETALS,1490,624.36
DOG TOY WITH PINK CROCHET SKIRT,166,623.26
RED CHARLIE+LOLA PERSONAL DOORSIGN,1256,622.64
BLACK CHAMPAGNE GLASS,1517,621.87
COOKING SET RETROSPOT,66,621.66
CHERUB HEART DECORATION GOLD,719,620.45
TRIANGULAR POUFFE VINTAGE,44,620.4
RED DRAGONFLY HELICOPTER,78,620.1
PACK OF 12 CIRCUS PARADE TISSUES,2024,618.42
RETRO MOD TRAY,739,618.13
PAPERWEIGHT VINTAGE COLLAGE,487,617.38
CARD WEDDING DAY,1506,615.24
SMALL YELLOW BABUSHKA NOTEBOOK,918,614.63
SILK PURSE BABUSHKA BLUE,184,614.0
LAUREL HEART ANTIQUE GOLD,518,613.51
PINK DOG BOWL,436,613.24
WOODLAND STORAGE BOX LARGE,227,612.05
POTTING SHED SEED ENVELOPES,476,610.73
VINTAGE JINGLE BELLS WREATH,74,610.5
EDWARDIAN HEART PHOTO FRAME,147,610.05
3 RAFFIA RIBBONS VINTAGE CHRISTMAS,679,608.65
NURSE'S BAG SOFT TOY,68,608.6
BLACK TEA TOWEL CLASSIC DESIGN,694,608.52
PINK  HONEYCOMB PAPER BALL,417,607.86
LOVE HEART NAPKIN BOX,143,607.75
VINTAGE POST OFFICE CABINET,11,607.65
MAGIC DRAWING SLATE BAKE A CAKE,1745,607.62
SIX DRAWER OFFICE TIDY,65,605.95
SET OF 6 GIRLS CELEBRATION CANDLES,488,605.44
CERAMIC BOWL WITH LOVE HEART DESIGN,559,603.89
DO NOT TOUCH MY STUFF DOOR HANGER,1176,603.86
PANTRY APPLE CORER,436,603.4
FOLDING UMBRELLA BLACKBLUE POLKADOT,120,601.22
BASKET OF FLOWERS SEWING KIT,775,600.61
ENCHANTED BIRD PLANT CAGE,181,599.55
RATTLE SNAKE EGGS,762,599.34
CHILDS GARDEN TROWEL BLUE,705,599.25
LARGE HANGING IVORY & RED WOOD BIRD,925,598.37
BUNNY WOODEN PAINTED WITH BIRD,852,598.16
FOLDING BUTTERFLY MIRROR IVORY,735,597.78
DRAWER KNOB VINTAGE GLASS HEXAGON,287,596.96
PAPERWEIGHT SAVE THE PLANET,329,596.91
SET OF 6 T-LIGHTS WEDDING CAKE,243,595.65
18PC WOODEN CUTLERY SET DISPOSABLE,503,595.15
ASSORTED TUTTI FRUTTI MIRROR,490,594.26
MINI CAKE STAND T-LIGHT HOLDER,1464,591.84
SMALL STRIPES CHOCOLATE GIFT BAG,865,591.25
PINK STITCHED WALL CLOCK,639,590.57
EMBROIDERED RIBBON REEL RUBY,166,589.38
"METAL SIGN,CUPCAKE SINGLE HOOK",829,588.05
HAIRCLIPS FORTIES FABRIC ASSORTED,1346,587.86
LARGE APOTHECARY MEASURING JAR,50,587.2
SET/4 RED MINI ROSE CANDLE IN BOWL,445,586.55
S/15 SILVER GLASS BAUBLES IN BAG,502,586.46
PINK LOVE HEART SHAPE CUP,702,585.78
MIRROR MOSAIC HURRICANE LAMP,286,584.9
SMALL ROUND CUT GLASS CANDLESTICK,129,584.65
TRAVEL CARD WALLET VINTAGE LEAF,1385,581.7
CHOCOLATE 1 WICK MORRIS BOX CANDLE,360,581.58
STARS GIFT TAPE,1368,581.06
HEART STRING MEMO HOLDER HANGING,626,580.94
FRENCH BLUE METAL DOOR SIGN 9,464,579.4
JARDIN ETCHED GLASS CHEESE DISH,221,579.35
POCKET BAG BLUE PAISLEY RED SPOT,480,578.41
BLUE FELT EASTER EGG BASKET,350,577.5
ANTIQUE GLASS HEART DECORATION,296,577.2
CUSHION COVER PINK UNION JACK,108,576.64
PIN CUSHION BABUSHKA RED,187,576.31
SMALL MEDINA STAMPED METAL BOWL,764,575.41
VINTAGE CARAVAN GREETING CARD,1406,574.06
MAGNETS PACK OF 4 RETRO PHOTO,1182,572.82
MAGNETS PACK OF 4 VINTAGE LABELS,1223,569.75
CHRISTMAS TREE PAINTED ZINC,2283,569.29
CHOC TRUFFLE GOLD TRINKET POT,389,569.13
HANGING BAUBLE T-LIGHT HOLDER SMALL,259,569.1
ELEPHANT CARNIVAL POUFFE,38,568.1
GLITTER CHRISTMAS TREE WITH BELLS,615,567.79
MIRROR MOSAIC GOBLET CANDLE HOLDER,506,566.5
CURIOUS IMAGES GIFT WRAP SET,597,566.4
HANGING METAL RABBIT DECORATION,453,566.25
PINK PAISLEY SQUARE TISSUE BOX,1364,564.48
EASTER DECORATION HANGING BUNNY,1861,563.35
IVORY RETRO KITCHEN WALL CLOCK,70,559.5
GREEN ROSE WASHBAG,149,558.75
HYACINTH BULB T-LIGHT CANDLES,1328,557.76
PARTY CONES CANDY TREE DECORATION,696,557.28
VINTAGE BEAD PINK SCARF,330,557.1
EDWARDIAN PHOTO FRAME,89,556.25
THREE MINI HANGING FRAMES,134,556.1
LARGE STRIPES CHOCOLATE GIFT BAG,443,553.75
CHILDRENS GARDEN GLOVES PINK,458,553.5
FELTCRAFT DOLL MARIA,194,553.1
FRENCH PAISLEY CUSHION COVER,622,552.94
MEDIUM PARLOUR PICTURE FRAME,136,550.0
PACK OF 12 VINTAGE LEAF TISSUES,1487,549.69
BIRTHDAY PARTY CORDON BARRIER TAPE,436,548.63
ASSTD MULTICOLOUR CIRCLES MUG,1375,548.37
ROMANTIC IMAGES NOTEBOOK SET,409,547.25
CARROT CHARLIE+LOLA COASTER SET,426,547.24
LARGE YELLOW BABUSHKA NOTEBOOK,554,546.88
BLUE CALCULATOR RULER,462,546.76
ENAMEL PINK COFFEE CONTAINER,603,546.21
WRAP BIRD GARDEN,1300,546.0
SILVER T-LIGHT SETTING,91,545.45
ASSTD FRUIT+FLOWERS FRIDGE MAGNETS,2244,545.16
DECORATIVE PLANT POT WITH FRIEZE,70,544.5
DECORATION WHITE CHICK MAGIC GARDEN,645,544.09
PINK PADDED MOBILE,128,544.0
FELT FARM ANIMAL RABBIT,722,543.94
SILVER CHRISTMAS TREE BAUBLE STAND,33,543.35
SET OF 6 CAKE CHOPSTICKS,418,543.07
MOODY BOY  DOOR HANGER,1109,542.75
GIFT BAG PSYCHEDELIC APPLES,834,542.46
SEWING SUSAN 21 NEEDLE SET,626,542.24
BLUE PAISLEY JOURNAL,217,541.97
FRENCH FLORAL CUSHION COVER,605,541.75
PORCELAIN BUTTERFLY OIL BURNER,193,540.55
12 DAISY PEGS IN WOOD BOX,327,539.55
CHILDS GARDEN SPADE BLUE,261,539.1
GARDEN PATH JOURNAL,218,534.46
MULTICOLOUR 3D BALLS GARLAND,209,532.95
SET/4 COLOURFUL MIXING BOWLS,57,532.11
LOVE HEART SOCK HANGER,334,531.9
RUSTIC STRAWBERRY JAM POT LARGE,261,531.84
MAGIC GARDEN FELT GARLAND,266,531.78
PASTEL COLOUR HONEYCOMB FAN,873,531.69
WOODLAND SMALL RED FELT HEART,666,531.66
CREAM SLICE FLANNEL CHOCOLATE SPOT,193,530.95
WRAP WEDDING DAY,1325,528.5
SUNFLOWER DECORATIVE PARASOL,87,528.45
CHRISTMAS MUSICAL ZINC STAR,1489,528.21
WEEKEND BAG VINTAGE ROSE PAISLEY,69,527.85
SMALL SKULL WINDMILL,437,527.53
RED FLOCK LOVE HEART PHOTO FRAME,1034,527.04
BEADED CRYSTAL HEART PINK LARGE,552,526.38
RECYCLED PENCIL WITH RABBIT ERASER,2665,525.75
WHITE BELL HONEYCOMB PAPER GARLAND,330,525.3
WRAP MONSTER FUN,1250,525.0
SET 12 VINTAGE DOILY CHALK,1247,523.74
BLUE TEA TOWEL CLASSIC DESIGN,448,523.52
FUSCHIA RETRO BAR STOOL,14,523.3
TREE T-LIGHT HOLDER WILLIE WINKIE,352,522.74
METAL TUBE CHIME ON BAMBOO,488,522.56
EAU DE NILE JEWELLED PHOTOFRAME,297,522.45
EGG CUP NATURAL CHICKEN,841,521.73
SQUARE MINI PORTRAIT FRAME,269,520.95
GREEN GOOSE FEATHER CHRISTMAS TREE,167,520.65
URBAN BLACK RIBBONS,448,520.47
DANISH ROSE BEDSIDE CABINET,13,519.35
FELT FARM ANIMAL WHITE BUNNY,1393,518.77
SET OF 4 NAPKIN CHARMS STARS,253,516.8
MINI JIGSAW BAKE A CAKE,1436,516.61
CUT GLASS T-LIGHT HOLDER OCTAGON,243,516.45
PINK POT PLANT CANDLE,189,516.25
GLASS SPHERE CANDLE STAND MEDIUM,96,516.2
CHILDS GARDEN TROWEL PINK,607,515.95
S/12 MINI RABBIT EASTER,324,515.4
JIGSAW RABBIT AND BIRDHOUSE,541,515.29
SET OF 2 ROUND TINS CAMEMBERT,242,515.18
PACK OF 6 PANETTONE GIFT BOXES,226,513.91
GLASS TWIST BON BON JAR,69,512.85
BLUE CHARLIE+LOLA PERSONAL DOORSIGN,976,512.8
HAND OPEN SHAPE GOLD,157,510.83
RED/CREAM STRIPE CUSHION COVER,414,509.9
BLACK PIRATE TREASURE CHEST,437,509.37
GUMBALL MONOCHROME COAT RACK,463,508.07
HEART BEADED TRELLIS DECORATION,244,507.52
SHOE SHINE BOX,51,507.45
JIGSAW TOADSTOOLS 3 PIECE,623,506.43
FIVE CATS HANGING DECORATION,172,506.32
ROSE FOLKART HEART DECORATIONS,423,504.64
LAUREL STAR ANTIQUE SILVER,404,504.6
BLACK CHRISTMAS TREE 120CM,209,503.85
SINGLE WIRE HOOK PINK HEART,407,503.83
UNION STRIPE CUSHION COVER,403,503.75
SILVER GLASS T-LIGHT SET,196,502.48
PACK OF 12 STICKY BUNNIES,772,501.8
LIPSTICK PEN BABY PINK,1199,500.33
12 RED ROSE PEG PLACE SETTINGS,400,500.0
CHARLIE+LOLA RED HOT WATER BOTTLE,174,499.78
HANGING HEART BONHEUR,591,499.23
WHITE GOOSE FEATHER TREE 60CM,256,499.2
PINK PAISLEY ROSE GIFT WRAP,1225,498.5
SET/6 PINK BIRD T-LIGHT CANDLES,355,497.21
IVORY LOVE BIRD CANDLE,502,496.72
CORONA MEXICAN TRAY,143,496.25
WALL ART SPACEBOY,156,495.48
GIFT BAG BIRTHDAY,761,494.83
ASSORTED TUTTI FRUTTI NOTEBOOK,235,493.5
METAL SIGN HIS DINNER IS SERVED,505,493.39
"DECORATION , WOBBLY RABBIT , METAL",298,491.7
ENVELOPE 50 BLOSSOM IMAGES,947,491.55
GARAGE KEY FOB,733,491.15
ABSTRACT CIRCLES SKETCHBOOK,128,491.13
VINTAGE COFFEE GRINDER BOX,103,490.65
WALL MIRROR RECTANGLE DIAMANTE PINK,122,489.9
CHILDS GARDEN SPADE PINK,237,488.7
BLUE ROSE FABRIC MIRROR,409,488.59
CARD DOG AND BALL,1170,487.08
PARTY INVITES DINOSAURS,573,487.05
DINOSAUR HEIGHT CHART STICKER SET,165,486.75
FRENCH STYLE EMBOSSED HEART CABINET,23,485.9
DANISH ROSE TRINKET TRAYS,261,484.63
HENRIETTA HEN MUG,293,483.45
EASTER TIN CHICKS IN GARDEN,292,481.8
EMPIRE BIRTHDAY CARD,1143,481.29
COSY HOUR GIANT TUBE MATCHES,197,480.75
GLASS JAR KINGS CHOICE,162,480.74
COLUMBIAN CANDLE ROUND,572,480.42
GLASS BONNE JAM JAR,118,480.1
PARTY CONES CARNIVAL ASSORTED,402,479.7
CLASSIC GLASS SWEET JAR,119,479.45
SET/6 FRUIT SALAD  PAPER PLATES,1143,479.25
BLUE NEW BAROQUE CANDLESTICK CANDLE,439,478.15
TUMBLER NEW ENGLAND,1226,478.14
PINK HEART SHAPE PHOTO FRAME,308,478.0
SNOWSTORM PHOTO FRAME FRIDGE MAGNET,577,477.97
CHRISTMAS TREE STAR DECORATION,1138,477.96
SET OF 2 ROUND TINS DUTCH CHEESE,243,477.09
WALL ART ANIMALS AND NATURE,149,474.75
EAU DE NILE HEART SHAPE PHOTO FRAME,305,474.45
4 WILDFLOWER BOTANICAL CANDLES,303,473.75
SEASIDE FLYING DISC,387,472.77
MUM'S KITCHEN CLOCK,104,471.9
ORANGE SCENTED SET/9 T-LIGHTS,573,471.45
PINK NEW BAROQUECANDLESTICK CANDLE,455,470.75
PACK OF 12 DOLLY GIRL TISSUES,1203,469.17
BUTTERFLY CROCHET FOOD COVER,123,468.67
YULETIDE IMAGES GIFT WRAP SET,630,467.5
BABY BOOM RIBBONS,374,467.5
IVORY WIRE SWEETHEART LETTER TRAY,127,467.05
CAKE STAND VICTORIAN FILIGREE MED,74,466.95
LAUREL STAR ANTIQUE GOLD,372,465.81
PINK AND WHITE CHRISTMAS TREE 120CM,186,465.38
SET/6 COLLAGE PAPER CUPS,2199,463.85
STEEL SWEETHEART ROUND TABLE CREAM,31,463.45
PINK UNION JACK  PASSPORT COVER,223,463.38
ASSORTED MINI MADRAS NOTEBOOK,948,462.6
BEADED PEARL HEART WHITE ON STICK,469,462.17
IVORY PAPER CUP CAKE CASES,868,461.8
FLOOR CUSHION ELEPHANT CARNIVAL,54,461.3
FELT TOADSTOOL  SMALL,542,460.7
WRAP KEEP CALM BIRTHDAY,1125,460.5
SMALL PARLOUR PICTURE FRAME,164,459.56
SET OF 6 VINTAGE NOTELETS KIT,522,459.0
SET OF 6 RIBBONS PARTY,167,458.63
BLUE POLKADOT KIDS BAG,228,456.36
RETROSPOT BABUSHKA DOORSTOP,245,455.87
SWISS CHALET TREE DECORATION,1233,455.57
ELEPHANT BIRTHDAY CARD,1092,454.92
EMBOSSED HEART TRINKET BOX,225,452.34
WRAP MAGIC FOREST,1075,451.5
PINK GLASS CANDLEHOLDER,156,450.6
BLACK DINER WALL CLOCK,53,450.5
CHRISTMAS GINGHAM HEART,552,450.48
SET 4 VALENTINE DECOUPAGE HEART BOX,154,450.38
SET OF 6 RIBBONS COUNTRY STYLE,164,449.96
SET OF 3 GOLD FLYING DUCKS,126,448.3
BUTTERFLIES STICKERS,525,447.81
HANGING SPRING FLOWER EGG SMALL,1163,447.75
FELT EGG COSY WHITE RABBIT,520,447.46
ASSORTED TUTTI FRUTTI  FOB NOTEBOOK,541,447.37
LADYBIRD + BEE RAFFIA FOOD COVER,119,446.25
BLUE POLKADOT EGG CUP,1016,445.26
ASSORTED LAQUERED INCENSE HOLDERS,2516,443.76
6PC WOOD PLATE SET DISPOSABLE,405,443.25
BISCUITS SMALL BOWL LIGHT BLUE,1039,441.36
ASSORTED TUTTI FRUTTI BRACELET,2197,440.89
SILVER JEWELLED MIRROR TRINKET TRAY,66,440.74
PAPER LANTERN 5 POINT STAR MOON,106,439.9
SWEETHEART CREAM STEEL TABLE RECT,22,438.9
CUPID DESIGN SCENTED CANDLES,208,436.4
PINK FAIRY CAKE CUSHION COVER,123,436.05
STORAGE TIN HOME SWEET HOME,237,435.43
EGG CUP MILKMAID HELGA,348,435.0
MINI PLAYING CARDS FUN FAIR,1043,434.46
BLACK CHRISTMAS TREE 60CM,554,433.7
PINK/WHITE CHRISTMAS TREE 60CM,660,433.22
PIN CUSHION BABUSHKA PINK,161,432.99
RIDGED GLASS FINGER BOWL,946,432.54
PAPER LANTERN 9 POINT HOLLY STAR L,69,431.25
RIDGED BONNE JAM JAR T-LIGHT HOLDER,272,431.24
NOEL GARLAND PAINTED ZINC,993,430.23
FOLDING UMBRELLA CHOCOLATE POLKADOT,87,430.06
CERAMIC LOVE HEART MONEY BANK,721,429.85
FLYING PIG WATERING CAN,187,429.25
MRS ROBOT SOFT TOY,143,428.85
PACK OF 12 RED APPLE TISSUES,1175,428.01
CALENDAR FAMILY FAVOURITES,153,427.43
DOG AND BALL WALL ART,252,425.88
PARTY INVITES SPACEMAN,501,425.85
BEADED CRYSTAL HEART BLUE  LARGE,479,425.71
SET OF 36 DINOSAUR PAPER DOILIES,292,423.4
UNION FLAG WINDSOCK,386,423.22
ORIGAMI JASMINE INCENSE/CANDLE SET,455,422.55
GARDEN PATH SKETCHBOOK,113,422.08
LAZER CUT NECKLACE W PASTEL BEADS,57,421.75
CHRISTMAS HANGING SNOWFLAKE,486,421.02
COCKLE SHELL DISH,289,420.88
POPPY FIELDS CHOPPING BOARD,85,420.75
RECTANGULAR SHAPED MIRROR,502,420.68
FOLDING UMBRELLA WHITE/RED POLKADOT,86,420.1
CHRISTMAS TREE HEART DECORATION,1000,420.0
BLUE SCANDINAVIAN PAISLEY WRAP,1000,420.0
BLUE PAISLEY SKETCHBOOK,110,419.92
SILVER GLITTER FLOWER VOTIVE HOLDER,1407,419.55
EGG FRYING PAN PINK,200,418.05
COSY SLIPPER SHOES SMALL GREEN,143,417.44
DANISH ROSE DELUXE COASTER,947,417.35
FRAPPUCINO SCARF KNITTING KIT,308,416.78
VINTAGE GLASS COFFEE CADDY,74,416.3
SQUARECUSHION COVER PINK UNION FLAG,62,415.3
ENAMEL BLUE RIM BISCUIT BIN,89,413.95
PINK ENAMEL+GLASS HAIR COMB,231,413.7
PINK/PURPLE RETRO RADIO,140,413.0
DOLLY CABINET 2 DRAWERS,33,412.5
FOLDING UMBRELLA PINKWHITE POLKADOT,84,412.41
PARTY INVITES JAZZ HEARTS,483,412.11
SQUARE FLOOR CUSHION VINTAGE RED,53,411.35
WOODLAND STORAGE BOX SMALL,213,411.3
PAPERWEIGHT CHILDHOOD MEMORIES,261,410.72
TOAST ITS - HAPPY BIRTHDAY,328,410.0
RED RETROSPOT LUGGAGE TAG,328,410.0
GLITTER CHRISTMAS TREE,908,408.86
EASTER DECORATION SITTING BUNNY,503,408.83
PINK SWEETHEART BRACELET,99,408.75
DOORSTOP FOOTBALL DESIGN,135,408.73
SET/4 BADGES BALLOON GIRL,323,408.59
BUNNY DECORATION MAGIC GARDEN,485,408.09
PANTRY HOOK BALLOON WHISK,196,407.68
HAND TOWEL PALE BLUE W FLOWERS,212,407.4
SUNSET COLOUR CHUNKY KNITTED THROW,24,406.8
PINK POLKADOT CHILDRENS UMBRELLA,125,406.25
HOME SWEET HOME HOOK,326,405.6
YELLOW SHARK HELICOPTER,51,405.45
DOLLY HONEYCOMB GARLAND,449,404.85
PINK JEWELLED PHOTO FRAME,72,404.62
GINGHAM BABUSHKA DOORSTOP,210,404.62
LETS GO SHOPPING COTTON TOTE BAG,177,403.67
WHITE HAND TOWEL WITH BUTTERFLY,170,400.5
MIRRORED WALL ART SKULLS,294,400.0
S/2 ZINC HEART DESIGN PLANTERS,40,398.0
TOOTHPASTE TUBE PEN,971,397.25
SMALL SQUARE CUT GLASS CANDLESTICK,80,396.0
SET OF 4 NAPKIN CHARMS CROWNS,255,394.42
WHITE CANDYSTUFT ARTIFICIAL FLOWER,296,394.16
BIRTHDAY BANQUET GIFT WRAP,975,393.5
EIGHT PIECE SNAKE  SET,314,392.5
FAIRY SOAP SOAP HOLDER,232,392.08
MINI JIGSAW BUNNIES,1089,391.11
ASSTD DESIGN 3D PAPER STICKERS,1162,389.38
PACK 20 ENGLISH ROSE PAPER NAPKINS,481,388.69
TABLE LAMP WHITE SHADE WOOD BASE,74,388.3
WALL ART I LOVE LONDON,86,387.3
BELL HEART DECORATION,252,387.0
COSY SLIPPER SHOES LARGE GREEN,131,386.45
SMALL PINK GLASS SUNDAE DISH,917,386.25
PINK ROSE WASHBAG,103,386.25
MIDNIGHT GLAMOUR SCARF KNITTING KIT,277,385.52
CANDY SPOT HAND BAG,188,385.27
ASSORTED COLOUR LIZARD SUCTION HOOK,975,385.02
CLAM SHELL SMALL,206,384.13
ANGEL DECORATION PAINTED ZINC,635,383.95
ESSENTIAL BALM 3.5g TIN IN ENVELOPE,5856,383.76
GREEN FERN SKETCHBOOK,101,382.46
SQUARECUSHION COVER PINK UNION JACK,150,382.14
CHILDS GARDEN RAKE PINK,186,381.6
PINK HEARTS LIGHT CHAIN,196,381.0
LARGE PARLOUR PICTURE FRAME,78,380.7
MIRRORED WALL ART SNOWFLAKES,507,380.25
POPART WOODEN PENCILS ASST,8900,380.0
DARK BIRD HOUSE TREE DECORATION,1251,377.91
"DECORATION , WOBBLY CHICKEN, METAL",229,377.85
DECORATION  BUTTERFLY  MAGIC GARDEN,449,377.49
SCANDINAVIAN 3 HEARTS NAPKIN RING,1746,376.5
BEACH HUT SHELF W 3 DRAWERS,70,376.5
RETRO PLASTIC POLKA TRAY,809,376.0
DECORATION WOBBLY RABBIT METAL,753,375.57
ENAMEL PINK TEA CONTAINER,389,374.94
CHRYSANTHEMUM SKETCHBOOK,96,374.84
DOLLCRAFT BOY JEAN-PAUL,82,373.9
BLUE DRAGONFLY HELICOPTER,47,373.65
PARTY FOOD SHOPPER BAG,314,373.5
PARTY PIZZA DISH PINK POLKADOT,1049,373.31
ANIMAL STICKERS,1773,372.33
GLASS CHALICE BLUE SMALL,680,372.3
SKULLS  DESIGN  COTTON TOTE BAG,165,371.25
T-LIGHT HOLDER SILVER HEART HANDLE,192,370.8
"CHRISTMAS GARLAND STARS,TREES",100,370.0
HAWAIIAN GRASS SKIRT,319,368.35
IVORY PILLAR CANDLE GOLD FLOCK,128,368.0
ASSORTED TUTTI FRUTTI KEYRING BALL,1102,367.98
NEW BAROQUE JEWELLERY BOX,48,367.6
MADRAS NOTEBOOK LARGE,270,367.5
PINK  HONEYCOMB PAPER FAN,437,366.7
ORIGAMI ROSE INCENSE/CANDLE SET,387,366.35
ENGLISH ROSE SCENTED HANGING FLOWER,423,366.25
SET/6 EAU DE NIL BIRD T-LIGHTS,252,366.23
FRYING PAN BLUE POLKADOT,108,366.0
PINK DIAMANTE PEN IN GIFT BOX,72,365.62
SET/12 TAPER CANDLES,459,364.95
IVORY STRING CURTAIN WITH POLE,166,363.7
TOAST ITS - FAIRY FLOWER,304,363.15
SMALL FOLDING SCISSOR(POINTED EDGE),2892,360.71
MAGIC DRAWING SLATE LEAP FROG,1063,360.06
MIRRORED WALL ART STARS,348,360.0
DECORATIVE HANGING SHELVING UNIT,6,359.7
RED RETRO KITCHEN WALL CLOCK,44,358.6
RETROSPOT CANDLE  MEDIUM,350,357.62
TEA COSY BLUE STRIPE,145,356.89
JIGSAW TREE WITH WATERING CAN,926,356.46
PINK SPOTS CHOCOLATE NESTING BOXES,139,355.65
EAU DE NIL LOVE BIRD CANDLE,336,353.72
PAPER LANTERN 9 POINT HOLLY STAR S,85,352.75
FELT EGG COSY BLUE RABBIT,410,351.62
EGG FRYING PAN MINT,169,351.52
MONEY BOX POCKET MONEY DESIGN,347,351.19
PARTY INVITES FOOTBALL,412,350.2
CHILDS GARDEN RAKE BLUE,171,350.1
WHITE BAROQUE WALL CLOCK,45,349.95
SET/3 POLKADOT STACKING TINS,74,349.5
ROSE DU SUD OVEN GLOVE,119,348.25
GEMSTONE CHANDELIER T-LIGHT HOLDER,78,347.7
LOLITA  DESIGN  COTTON TOTE BAG,154,346.5
RIDGED GLASS STORAGE JAR CREAM LID,97,346.47
SNACK TRAY RED VINTAGE DOILY,185,346.35
IVORY SWEETHEART SOAP DISH,139,346.11
SET/6 FRUIT SALAD PAPER CUPS,1576,345.42
PORCELAIN ROSE LARGE,298,345.14
SILVER VANILLA  FLOWER CANDLE POT,92,345.0
ORIGAMI LAVENDER INCENSE/CANDL SET,363,344.35
SET OF 4 NAPKIN CHARMS 3 KEYS,186,344.22
CHARLIE LOLA BLUE HOT WATER BOTTLE,94,342.74
BLUE SCOTTIE DOG W FLOWER PATTERN,134,341.7
SILVER ROCOCO CANDLE STICK,146,340.7
PACK 3 BOXES BIRD PANETTONE,177,340.33
PACK 6 HEART/ICE-CREAM PATCHES,269,338.67
FRENCH LATTICE CUSHION COVER,396,337.72
MONEY BOX KINGS CHOICE DESIGN,319,336.89
DOLLCRAFT GIRL NICOLE,68,336.6
MILK MAIDS MUG,204,336.6
PINK UNION JACK  LUGGAGE TAG,266,336.27
SILVER FLOWR PINK SHELL NECKLACE,52,335.28
SET OF 4 NAPKIN CHARMS LEAVES,185,334.63
BUNNY WOODEN PAINTED WITH FLOWER,495,334.27
EASTER DECORATION NATURAL CHICK,514,334.1
BLACK BAROQUE WALL CLOCK,44,333.6
PANTRY HOOK TEA STRAINER,160,332.8
SILVER FISHING GNOME,45,332.3
BIRD DECORATION GREEN POLKADOT,390,331.5
HEART TRELLIS TRIPLE T-LIGHT HOLDER,118,331.42
FLOWERS TILE COASTER,990,329.84
MAGIC DRAWING SLATE GO TO THE FAIR,816,329.76
SILVER ROCCOCO CHANDELIER,11,329.45
ORIGAMI SANDLEWOOD INCENSE/CAND SET,365,329.05
VEGETABLE GARDEN CHOPPING BOARD,72,327.6
DOILEY BISCUIT TIN,120,327.6
FELT FARM ANIMAL CHICKEN,262,327.5
PIECE OF CAMO STATIONERY SET,3380,326.56
CINNAMON SCENTED VOTIVE CANDLE,1264,326.24
MINT GREEN ROSE TOWEL,70,325.5
WALL ART CAT AND BIRD,118,324.98
GRASS HOPPER WOODEN WALL CLOCK,260,324.04
CAT AND BIRD WALL ART,270,323.64
MULTICOLOUR  CONFETTI IN TUBE,243,322.71
WHITE STITCHED CUSHION COVER,46,322.38
GREEN GOOSE FEATHER TREE 60CM,165,321.75
DECORATION  PINK CHICK MAGIC GARDEN,383,321.39
CHARLOTTE BAG ALPHABET  DESIGN,400,320.5
PANTRY HOOK SPATULA,154,320.32
GREEN FERN JOURNAL,131,320.26
CAKES AND BOWS GIFT  TAPE,1017,318.81
PARTY PIZZA DISH BLUE POLKADOT,972,318.48
SET OF 4 BLACK LOVEBIRD COASTERS,334,318.44
PINK POLKADOT PLATE,202,318.34
WALL ART TREASURE AHOY,87,317.97
PANDA AND BUNNIES STICKER SHEET,372,316.2
CUTE CATS TAPE,975,315.55
ALPHABET HEARTS STICKER SHEET,371,315.35
CANDLE HOLDER SILVER MADELINE,193,315.29
SET OF 4 PISTACHIO LOVEBIRD COASTER,363,315.06
WHITE TRAVEL ALARM CLOCK,134,314.31
DECORATIVE FLORE BATHROOM BOTTLE,283,313.91
"CHARLIE+LOLA""EXTREMELY BUSY"" SIGN",607,313.78
RETROSPOT CANDLE  SMALL,385,313.53
MISELTOE HEART WREATH,80,312.8
HEART GARLAND RUSTIC PADDED,106,312.7
BLUE PAISLEY TISSUE BOX,668,312.34
SET/4 BADGES DOGS,239,312.06
EGG FRYING PAN BLUE,150,312.0
GREEN SWEETHEART BRACELET,76,311.0
BABY MOUSE RED GINGHAM DRESS,73,310.25
HOUSE SHAPE PENCIL SHARPENER,2915,309.9
PARTY PIZZA DISH GREEN POLKADOT,885,309.69
GLASS CHALICE GREEN  LARGE,186,309.66
WOODLAND LARGE PINK FELT HEART,278,307.18
SKULLS SQUARE TISSUE BOX,729,305.81
SNACK TRAY PAISLEY PARK,164,305.4
MISELTOE HEART WREATH WHITE,78,304.5
BOTANICAL ROSE GIFT WRAP,725,304.5
3 TRADITIONAL COOKIE CUTTERS  SET,162,304.2
LA JARDIN BOTANIQUE CUSHION COVER,81,303.75
HEARTS GIFT TAPE,1027,303.23
PARTY INVITES BALLOON GIRL,356,302.6
MILK PAN BLUE POLKADOT,96,302.5
MINI  ZINC GARDEN DECORATIONS,821,301.37
WOOD AND GLASS MEDICINE CABINET,10,299.5
PAINT YOUR OWN EGGS IN CRATE,164,299.36
TUSCAN VILLA DOVECOTE BIRD FEEDER,37,299.25
SET/12 FUNKY FELT FLOWER PEG IN BAG,161,298.74
DOILY THANK YOU CARD,727,296.7
PINK FELT EASTER RABBIT GARLAND,116,295.8
DOLLCRAFT GIRL AMELIE KIT,66,294.7
SET/3 POT PLANT CANDLES,54,294.3
BLUE VICTORIAN FABRIC OVAL BOX,811,293.82
CHRISTMAS MUSICAL ZINC TREE,815,291.33
BLUE GLASS GEMS IN BAG,427,291.25
GOLD STANDING GNOME,93,290.25
CURIO CABINET LINEN AND LACE,36,290.1
LUNCH BAG RED SPOTTY,200,290.0
MEDIUM CHINESE STYLE SCISSOR,662,289.98
PLASMATRONIC LAMP,52,288.94
TOYBOX  WRAP,726,288.92
FLOOR LAMP SHADE WOOD BASE,32,287.74
PAPER LANTERN 5 POINT SEQUIN STAR,50,287.5
COLUMBIAN CANDLE RECTANGLE,176,287.1
BLUE RETRO KITCHEN WALL CLOCK,35,285.25
TURQ+RED BOUDICCA LARGE BRACELET,41,284.95
BLACK SWEETHEART BRACELET,67,284.75
GOLD FISHING GNOME,47,284.16
WHITE/PINK CHICK DECORATION,249,283.89
ICON MUG REVOLUTIONARY,701,283.71
CHRISTMAS CARD SCREEN PRINT,1188,283.32
HAND TOWEL PINK FLOWER AND DAISY,199,281.95
WAKE UP COCKEREL CALENDAR SIGN,72,281.13
STANDING FAIRY POLE SUPPORT,348,280.2
SNACK TRAY I LOVE LONDON,151,280.05
MINI JIGSAW DINOSAUR,738,279.51
RETROSPOT CANDLE  LARGE,255,279.37
RED SHARK HELICOPTER,35,278.25
RED VICTORIAN FABRIC OVAL BOX,772,277.44
COFFEE SCENT PILLAR CANDLE,292,277.4
WRAP DAISY CARPET,660,277.2
BLUE  DIAMANTE PEN IN GIFT BOX,61,276.75
WRAP CHRISTMAS SCREEN PRINT,1025,275.25
MIRRORED WALL ART POPPIES,275,274.65
PINK FLOWER FABRIC PONY,73,273.75
CHRISTMAS HANGING HEART WITH BELL,219,273.75
SET OF 4 POLKADOT PLACEMATS,78,273.3
FORKED CACTUS CANDLE,92,272.98
GOLD PHOTO FRAME,169,272.34
WHITE HONEYCOMB PAPER GARLAND,165,272.25
METAL SIGN CUPCAKE SINGLE HOOK,470,272.1
DOOR HANGER  MUM + DADS ROOM,187,271.15
4 PURPLE FLOCK DINNER CANDLES,140,270.76
PAINTED PINK RABBIT,318,270.3
HAND OPEN SHAPE DECO.WHITE,92,270.02
MONEY BOX BISCUITS DESIGN,216,270.0
ASSORTED TUTTI FRUTTI HEART BOX,215,268.75
JUMBO BAG VINTAGE DOILEY,143,268.44
DOORKNOB CRACKED GLAZE IVORY,180,268.2
RAIN PONCHO,411,267.95
"FLOWER FAIRY,5 SUMMER B'DRAW LINERS",105,267.75
12 PINK ROSE PEG PLACE SETTINGS,214,267.5
STRAWBRY SCENTED VOTIVE CANDLE,1101,267.45
LA PALMIERA TILE COASTER,705,266.64
KITTY PENCIL ERASERS,1296,266.56
PEARLISED IVORY HEART SMALL,217,266.21
"GARLAND, VINTAGE BELLS",92,265.88
PARTY TIME PENCIL ERASERS,1261,265.51
WHITE SAGE INCENSE,1260,264.6
SET OF 6 HALLOWEEN GHOST T-LIGHTS,626,262.92
CURIOUS  IMAGES NOTEBOOK SET,181,262.25
SET/4 BADGES CUTE CREATURES,201,262.14
BOYS ALPHABET IRON ON PATCHES,1248,262.08
HELLO SAILOR BLUE SOAP HOLDER,155,261.95
GYMKHANNA TREASURE BOOK BOX,120,261.84
FOOD/DRINK SPONGE STICKERS,1244,261.24
SILVER DIAMANTE PEN IN GIFT BOX,52,260.74
PHOTO CLIP LINE,207,259.96
BLUE FLOCK GLASS CANDLEHOLDER,644,259.96
ABSTRACT CIRCLE JOURNAL,108,259.2
BLUE EGG  SPOON,1718,258.72
ORIGAMI ROSE INCENSE IN TUBE,532,257.88
DECORATION SITTING BUNNY,1335,257.61
IVORY HANGING DECORATION  EGG,713,257.57
NEWSPAPER STAND,25,257.37
SET/4 BADGES BEETLES,198,257.18
ORANGE VOTIVE CANDLE,1032,257.04
SET OF SKULL WALL STICKERS,92,257.0
GREEN METAL SWINGING BUNNY,302,256.7
DECORATION WOBBLY CHICKEN,521,256.11
BLUE PATCH PURSE PINK HEART,166,256.1
LOVELY BONBON STICKER SHEET,301,255.85
CORDIAL GLASS JUG,31,255.75
CARNIVAL BRACELET,20,255.0
GREEN HEART COMPACT MIRROR,203,253.75
STRAWBERRY DREAM CHILDS UMBRELLA,78,253.5
SMALL FOLKART STAR CHRISTMAS DEC,1124,253.35
ZINC WIRE SWEETHEART LETTER TRAY,80,253.24
CARTOON  PENCIL SHARPENERS,3760,253.2
SMALL LICORICE DES PINK BOWL,392,253.05
MINI LADLE LOVE HEART RED,631,252.66
SMALL PINK MAGIC CHRISTMAS TREE,618,252.23
RETRO LONGBOARD IRONING BOARD COVER,199,251.25
PINK RIVIERA HANDBAG,185,250.05
RIDGED GLASS T-LIGHT HOLDER,384,249.6
PINK GOOSE FEATHER TREE 60CM,128,249.6
HANGING WOOD AND FELT FLOWER,1876,249.48
PINK CAT BOWL,168,249.42
VINTAGE RED TEATIME MUG,203,249.38
SILVER DISCO HANDBAG,123,248.21
BLUE PAISLEY POCKET BOOK,292,248.2
MAGAZINE RACK GEBRA ASSORTED,191,247.75
WOODLAND LARGE RED FELT HEART,198,247.5
BLACK LOVE BIRD T-LIGHT HOLDER,145,247.46
CLASSIC SUGAR DISPENSER,216,247.32
FOLKART CLIP ON STARS,624,246.78
CANDLE PLATE LACE WHITE,114,246.7
PING! MICROWAVE PLATE,101,246.53
WOODLAND SMALL BLUE FELT HEART,297,246.51
ASSORTED TUTTI FRUTTI LARGE PURSE,117,245.7
PINK HEARTS PAPER GARLAND,168,245.2
ORIGAMI VANILLA INCENSE/CANDLE SET,270,244.9
HEART T-LIGHT HOLDER,217,244.49
RED HEART LUGGAGE TAG,195,243.75
ANTIQUE IVORY WIRE BOWL SMALL,97,241.53
BEADED CRYSTAL HEART PINK SMALL,166,241.38
FELT FARM ANIMAL HEN,384,240.96
BROWN  PIRATE TREASURE CHEST,220,240.78
SET OF 3 PANTRY WOODEN SPOONS,192,240.0
PACK 3 IRON ON DOG PATCHES,191,239.96
VINTAGE CARAVAN GIFT WRAP,571,239.82
RUSTIC STRAWBERRY JAMPOT LARGE,120,238.56
DOORKNOB CRACKED GLAZE BLUE,162,238.5
ANTIQUE CREAM CUTLERY SHELF,28,238.0
HANGING WOOD AND FELT BUTTERFLY,570,237.96
VINTAGE PINK DECORATIVE PARASOL,60,237.0
PINK LOVE BIRD CANDLE,232,236.48
DOORSTOP RACING CAR DESIGN,118,236.0
4 PINK DINNER CANDLE SILVER FLOCK,126,235.06
BLUE  VOILE LAMPSHADE,86,234.5
EGG CUP HENRIETTA HEN PINK,187,233.75
BLUE POLKADOT PASSPORT COVER,231,233.34
PARTY CONES CANDY DECORATION,296,233.28
SWEETIES  STICKERS,274,232.9
CRYSTAL STUD EARRINGS ASSORTED COL,612,232.56
WOODLAND SMALL PINK FELT HEART,280,232.4
GREEN BIRDHOUSE DECORATION,389,232.01
3D SHEET OF DOG STICKERS,272,231.98
PINK BUNNY EASTER EGG BASKET,158,231.9
PINK ROSE FABRIC MIRROR,187,231.47
DENIM PATCH PURSE PINK BUTTERFLY,140,231.0
SET OF 36 MUSHROOM PAPER DOILIES,159,230.55
SET/6 BEAD COASTERS GAUZE BAG GOLD,518,230.4
VINTAGE NOTEBOOK PARIS DAYS,85,230.35
PAINTED YELLOW WOODEN DAISY,271,230.35
BLUE BUNNY EASTER EGG BASKET,157,230.25
RIBBONS PURSE,108,228.83
T-LIGHT HOLDER SILVER PETIT FOUR,183,228.75
BUNNY EGG BOX,183,228.75
CANDY SPOT EGG WARMER HARE,451,227.49
LETTER SHAPE PENCIL SHARPENER,3316,227.14
CLASSICAL ROSE SMALL VASE,138,227.1
WALL ART DOG AND BALL,89,226.29
SET OF 4 NAPKIN CHARMS INSTRUMENT,112,225.92
TRAVEL CARD WALLET VINTAGE ROSE,541,225.78
BLACK SQUARE TABLE CLOCK,95,225.49
HAND WARMER RED POLKA DOT,120,225.0
MIRROR LOVE BIRD T-LIGHT HOLDER,140,225.0
POCKET BAG PINK PAISELY BROWN SPOT,177,224.88
GLITTER CHRISTMAS HEART,264,224.4
PIN CUSHION BABUSHKA BLUE,75,223.95
BLUE BIRDHOUSE DECORATION,376,223.3
DECORATIVE VINTAGE COFFEE  BOX,47,223.05
ANT COPPER TURQ BOUDICCA BRACELET,45,222.75
ANT COPPER LIME BOUDICCA BRACELET,45,222.75
SET/4 BLUE FLOWER CANDLES IN BOWL,135,222.75
PINK BOUDICCA LARGE BRACELET,32,222.4
BOX/12 CHICK & EGG IN BASKET,122,222.3
ACRYLIC GEOMETRIC LAMP,12,221.4
CAMOUFLAGE EAR MUFF HEADPHONES,40,221.36
BLUE & WHITE BREAKFAST TRAY,73,221.35
CUBIC MUG PINK POLKADOT,489,220.95
EASTER BUNNY GARLAND OF FLOWERS,525,220.5
PINK/BLUE DISC/MIRROR STRING,551,220.41
ASSORTED MONKEY SUCTION CUP HOOK,555,220.14
4 BLUE DINNER CANDLES SILVER FLOCK,86,219.3
SNACK TRAY HAPPY FOREST,111,216.45
SET 8 CANDLES VINTAGE DOILEY,122,216.3
PURPLE BOUDICCA LARGE BRACELET,31,215.45
TRIPLE WIRE HOOK PINK HEART,68,215.0
PINK SCOTTIE DOG W FLOWER PATTERN,84,214.2
GREEN JUICY FRUIT PHOTO FRAME,84,214.2
MIRRORED DOVE WALL DECORATION,101,214.13
BLUE  TILE HOOK,85,213.15
MONEY BOX HOUSEKEEPING DESIGN,223,212.88
ASS COLOUR GLOWING TIARAS,280,212.8
FAIRY DREAMS INCENSE,1025,212.75
CERAMIC BIRDHOUSE CRESTED TIT SMALL,72,212.4
PINK GINGHAM CAT WITH SCARF,83,211.65
SMALL POP BOX FUNKY MONKEY,172,210.48
ASSTD COL BUTTERFLY/CRYSTAL W/CHIME,455,210.19
PEG BAG APPLE DESIGN,100,210.0
STRING OF STARS CARD HOLDER,71,209.45
BLUE JUICY FRUIT PHOTO FRAME,82,209.1
CHUNKY SILVER NECKLACE PASTEL FLOWE,21,208.95
SMOKEY GREY COLOUR D.O.F. GLASS,591,207.39
CROCHET ROSE PURSE WITH SUEDE BACK,70,206.5
HEN PARTY CORDON BARRIER TAPE,165,206.25
TROPICAL PASSPORT COVER,142,206.23
CHARLIE+LOLA MY ROOM DOOR SIGN,362,205.98
MIXED NUTS LIGHT GREEN BOWL,469,205.28
HANGING MEDINA LANTERN SMALL,69,203.55
OPIUM SCENTED VOTIVE CANDLE,840,203.28
WHITE MOROCCAN METAL LANTERN,48,202.92
RABBIT  DESIGN  COTTON TOTE BAG,90,202.5
VINTAGE SHELLS PRINT,32,202.4
HANGING GLASS ETCHED TEALIGHT,131,201.75
BLUE CUSHION COVER WITH FLOWER,29,201.55
2 PICTURE BOOK EGGS EASTER CHICKS,161,201.25
JINGLE BELLS TREE DECORATION,89,200.94
BOTANICAL LAVENDER GIFT WRAP,475,199.5
PINK MONTE CARLO HANDBAG,95,198.35
BLACK EAR MUFF HEADPHONES,37,198.35
WAKE UP COCKEREL TILE COASTER,597,198.09
PINK & WHITE BREAKFAST TRAY,59,198.05
2 PICTURE BOOK EGGS EASTER BUNNY,158,197.5
CHRISTMAS CARD STACK OF PRESENTS,816,196.44
MULTI HEARTS  STICKERS,231,196.35
SET/6 BLACK BIRD T-LIGHT CANDLES,179,195.9
CRAZY DAISY HEART DECORATION,155,195.52
ROSE DU SUD COSMETICS BAG,46,195.5
BLUE POLKADOT LUGGAGE TAG,150,194.76
MILK BOTTLE WITH GLASS STOPPER,28,194.6
PAIR PADDED HANGERS PINK CHECK,57,194.55
FELT FARM ANIMAL SHEEP,283,194.39
MULTICOLOUR RABBIT EGG WARMER,205,194.15
JOY LARGE WOOD LETTERS,37,194.15
SET OF PICTURE FRAME  STICKERS,66,192.54
CHRISTMAS TREE DECORATION WITH BELL,457,191.94
BLACK LOVE BIRD CANDLE,201,191.49
STAR  T-LIGHT HOLDER,132,191.4
SKULLS TAPE,600,191.28
BLUE HEART COMPACT MIRROR,125,191.25
GREEN ENAMEL+GLASS HAIR COMB,105,191.1
FLOWERS  STICKERS,211,191.05
BATHROOM SET LOVE HEART DESIGN,68,191.0
PAPERWEIGHT KINGS CHOICE,160,190.8
STRAWBERRIES  DESIGN FLANNEL,225,190.79
VINTAGE KEEPSAKE BOX PARIS DAYS,33,190.35
DAISY SKETCHBOOK,71,189.96
KEEP OUT BOYS DOOR HANGER,131,189.95
DONKEY TAIL GAME,54,189.54
BLACK ENAMEL FLOWER RING,64,188.8
BLUE DELPHINIUM ARTIFICIAL FLOWER,99,188.37
GREEN BITTY LIGHT CHAIN,119,188.31
SKULLS STORAGE BOX LARGE,67,188.05
AMETHYST CHUNKY BEAD BRACELET W STR,21,187.95
BOOZE & WOMEN GREETING CARD,457,187.62
TEATIME ROUND PENCIL SHARPENER,1437,186.84
GREEN CHRISTMAS TREE STRING 20LIGHT,41,186.15
PAPERWEIGHT HOME SWEET HOME,146,186.06
ENGLISH ROSE NOTEBOOK A6 SIZE,398,185.1
GIFT BAG LARGE VINTAGE CHRISTMAS,148,185.0
SILVER TEDDY BEAR,48,183.71
3D SHEET OF CAT STICKERS,216,183.6
CHRYSANTHEMUM  JOURNAL,71,183.46
T-LIGHT HOLDER WHITE LACE,327,182.31
FOLKART HEART NAPKIN RINGS,181,181.87
MINI JIGSAW LEAP FROG,466,181.04
CREAM DELPHINIUM ARTIFICIAL FLOWER,70,180.58
ANGEL DECORATION WITH LACE PADDED,212,180.2
A PRETTY THANK YOU CARD,438,179.64
FLAG OF ST GEORGE CHAIR,37,179.35
PINK JEWELLED MIRROR TRINKET TRAY,29,178.56
PINK HAWAIIAN PICNIC HAMPER FOR 2,14,178.5
ANTIQUE CREAM CUTLERY CUPBOARD,14,178.5
DOLLCRAFT GIRL AMELIE,36,178.2
PSYCHEDELIC TILE COASTER,423,178.0
KITTENS DESIGN FLANNEL,232,177.88
SCOTTIES DESIGN WASHBAG,91,177.45
SPACE OWL,143,177.37
PINK DISCO HANDBAG,83,176.39
BLUE TV TRAY TABLE,76,175.8
SMALL TALL CAMPHOR WOOD TOADSTOOL,129,175.05
PACK 20 DOLLY PEGS,242,174.5
MEDIUM WHITE/PINK ROSE ART FLOWER,127,174.31
WHITE CHRISTMAS STAR DECORATION,415,174.3
PURPLE SWEETHEART BRACELET,41,174.25
BUNNY EGG GARLAND,413,173.46
GARDEN METAL SIGN,105,173.25
ASS COL CIRCLE MOBILE,474,173.16
DAISY JOURNAL,66,173.12
KITCHEN FLOWER POTS WALL PLAQUE,29,172.55
ZINC HEART LATTICE CHARGER LARGE,46,172.5
SOFT PINK ROSE TOWEL,37,172.05
BATHROOM SCALES FOOTPRINTS IN SAND,51,172.05
PINK PAINTED KASHMIRI CHAIR,4,171.8
DIAMANTE BOW BROOCH RED COLOUR,27,171.45
TUB 24 PINK FLOWER PEGS,103,169.95
VINTAGE WOODEN BAR STOOL,6,169.75
RIDGED GLASS POSY VASE,117,169.65
ZINC TOP  2 DOOR WOODEN SHELF,10,169.5
PEACE SMALL WOOD LETTERS,25,168.75
GREEN SQUARE COMPACT MIRROR,125,168.75
ENGLISH ROSE SMALL SCENTED FLOWER,198,168.3
SUMMER DAISIES BAG CHARM,66,168.3
JARDIN ETCHED GLASS LARGE BELL JAR,38,167.7
PINK RETRO BIG FLOWER BAG,86,167.7
ASSORTED SHAPES PHOTO CLIP SILVER,359,167.11
VIPPASSPORT COVER,128,166.68
SET/4 DAISY MIRROR MAGNETS,487,166.57
PSYCHEDELIC TILE HOOK,295,166.35
SET/4 BIRD MIRROR MAGNETS,478,165.77
VINTAGE KITCHEN PRINT VEGETABLES,65,165.75
VINTAGE KITCHEN PRINT FRUITS,65,165.75
Bank Charges,12,165.001
NUMBER TILE VINTAGE FONT No,147,164.58
50CM METAL STRING WITH  7 CLIPS,222,164.22
FUNKY MONKEY CUSHION COVER,193,164.05
ROUND PINK HEART MIRROR,78,163.8
PURPLE ENAMEL+GLASS HAIR COMB,84,163.8
LARGE SKULL WINDMILL,78,163.8
4 ROSE PINK DINNER CANDLES,138,163.38
CAMPHOR WOOD PORTOBELLO MUSHROOM,147,163.11
PINK CHICK EGG WARMER + EGG CUP,136,163.1
CLASSIC WHITE FRAME,55,162.25
SKULLS STORAGE BOX SMALL,77,161.7
GOLD EAR MUFF HEADPHONES,32,161.52
BLUE CIRCLES DESIGN MONKEY DOLL,63,160.65
FRENCH CHATEAU LARGE PLATTER,70,160.5
CONDIMENT TRAY 4 BOWLS AND 4 SPOONS,17,160.39
SET 4 PICNIC CUTLERY BLUEBERRY,82,159.9
MIRRORED WALL ART GENTS,163,159.51
"PINK/WHITE ""KEEP CLEAN"" BULLET BIN",54,159.3
SILVER FABRIC MIRROR,381,159.26
TUMBLER BAROQUE,408,159.12
LAVENDER SCENT CAKE CANDLE,600,158.64
BOTANICAL LAVENDER BIRTHDAY CARD,363,158.61
SILVER PHOTO FRAME,75,157.5
WRAP RED DOILEY,375,157.5
WRAP CAROUSEL,375,157.5
HANGING METAL CHICKEN DECORATION,126,157.5
GREEN ROUND COMPACT MIRROR,126,157.5
ZINC WIRE KITCHEN ORGANISER,25,156.8
ROSE DU SUD CUSHION COVER,28,156.8
TUSCAN VILLA BIRD TABLE,19,156.75
CHRYSANTHEMUM NOTEBOOK,95,156.75
SMALL CHUNKY GLASS ROMAN  BOWL,149,156.59
SWIRLY CIRCULAR RUBBERS IN BAG,445,156.53
CHRISTMAS CARD SINGING ANGEL,372,156.24
LUNCH BOX WITH CUTLERY FAIRY CAKES,61,155.55
SPRIG LAVENDER ARTIFICIAL FLOWER,220,155.48
RED  EGG  SPOON,1290,155.4
CREAM HANGING HEART T-LIGHT HOLDER,57,155.35
CHAMBRE HOOK,123,155.07
ENAMEL BLUE RIM COFFEE CONTAINER,147,155.03
LARGE  TALL CAMPHOR WOOD TOADSTOOL,33,154.65
ASS DES PHONE SPONGE CRAFT STICKER,511,154.39
SPACE CADET RED,121,153.67
ANT COPPER PINK BOUDICCA BRACELET,31,153.45
RED ENAMEL FLOWER RING,52,153.4
WHITE AND BLUE CERAMIC OIL BURNER,134,153.1
FLOWER FAIRY 5 DRAWER LINERS,60,153.0
ANTIQUE GLASS PLACE SETTING,122,152.5
HEART TRELLISTRIPLE T-LIGHT HOLDER,56,152.24
S/4 GROOVY CAT MAGNETS,142,151.92
BOTANICAL LILY GREETING CARD,361,151.62
MINI JIGSAW GO TO THE FAIR,387,151.5
JUNGLE POPSICLES ICE LOLLY HOLDERS,121,151.25
WHITE TISSUE REAM,19,151.05
RETRO LEAVES MAGNETIC NOTEPAD,104,150.8
FOLK ART METAL STAR T-LIGHT HOLDER,381,150.54
RAINBOW PEGS PHOTO CLIP STRING,264,150.18
BLUE KNITTED HEN,91,150.15
WHITE 3 FRAME BIRDS AND TREE,20,150.0
BLUE PAINTED KASHMIRI CHAIR,3,149.85
BLACK BAROQUE CARRIAGE CLOCK,17,149.67
KIDS CUTLERY SPACEBOY,36,149.4
KIDS CUTLERY DOLLY GIRL,36,149.4
PINK OVAL SHAPE TRINKET BOX,15,149.25
BLOND DOLL DOORSTOP,115,149.25
ROSE DU SUD WASHBAG,25,148.75
CANDY SHOP  STICKER SHEET,175,148.75
METALIC LEAVES BAG CHARMS,60,148.32
NINJA RABBIT BLACK,116,148.29
JARDIN ETCHED GLASS SMALL BELL JAR,43,147.85
CLASSICAL ROSE CANDLESTAND,187,147.35
ROUND WHITE CONFETTI IN TUBE,89,146.85
RETRO PLASTIC 70'S TRAY,343,146.55
POLYESTER FILLER PAD 45x30cm,101,146.45
YELLOW EASTER EGG HUNT START POST,75,146.25
MILK PAN PINK POLKADOT,39,146.25
CLEAR LOVE BIRD T-LIGHT HOLDER,38,146.21
SMALLFOLKART BAUBLE CHRISTMAS DEC,558,146.04
RED BOUDICCA LARGE BRACELET,21,145.95
STRIPES DESIGN TEDDY,57,145.35
FUSCHIA FLOWER PURSE WITH BEADS,159,145.17
PACK OF 12 CHRISTMAS FUN CARDS,49,144.55
VINTAGE ROSE BEAD BRACELET RASPBERR,34,144.5
BEACH HUT DESIGN BLACKBOARD,34,144.5
ASSORTED COLOUR METAL CAT,115,143.75
2 PICTURE BOOK EGGS EASTER DUCKS,115,143.75
SPACE BOY CHILDRENS CUP,130,143.3
MOROCCAN BEATEN METAL MIRROR,14,143.3
SILVER STANDING GNOME,35,142.75
SILVER BRACELET W PASTEL FLOWER,19,142.5
MIRRORED WALL ART SPLODGES,98,142.5
PAISLEY PARK CARD,348,141.84
SET OF 12 ROSE BOTANICAL T-LIGHTS,48,141.6
MONEY BOX CONFECTIONERY DESIGN,137,141.5
"DECOUPAGE,GREETING CARD,",336,141.12
BOTANICAL ROSE GREETING CARD,336,141.12
ECONOMY LUGGAGE TAG,95,140.81
POPART RECT PENCIL SHARPENER ASST,1166,140.52
MOROCCAN BEATEN METAL DISH LARGE,11,140.25
CERAMIC STRAWBERRY TRINKET TRAY,55,140.25
RED DAISY POCKET BOOK,164,140.18
METAL HERB GERDEN CONTAINER,24,139.68
BATHROOM SCALES RUBBER DUCKS,41,139.35
SILVER OVAL SHAPE TRINKET BOX,14,139.3
MOROCCAN BEATEN METAL DISH,14,139.3
BLUE DAISY MOBILE,172,138.76
LILAC DIAMANTE PEN IN GIFT BOX,26,138.72
VINTAGE BEAD NOTEBOOK,47,138.65
PURPLE ENAMEL FLOWER RING,47,138.65
MEDIUM PINK BUDDHA HEAD,47,138.65
EASTER BUNNY WREATH,28,138.6
SET 4 PICNIC CUTLERY CHERRY,71,138.45
FUNKY MONKEY GIFT BAG MEDIUM,329,138.18
PORCELAIN BUDAH INCENSE HOLDER,1501,138.1
QUEEN OF THE SKIES PASSPORT COVER,68,137.88
BATHROOM HOOK,140,137.76
FIRST CLASS PASSPORT COVER,66,137.74
CHALKBOARD KITCHEN ORGANISER,6,137.7
GOLD SCROLL GLASS T-LIGHT HOLDER,80,137.22
ABSTRACT CIRCLES POCKET BOOK,161,136.85
ASSORTED SANSKRIT MINI NOTEBOOK,109,136.25
CRYSTAL DIAMANTE EXPANDABLE RING,32,136.0
GREEN ENAMEL FLOWER RING,46,135.7
FRUIT TREE AND BIRDS WALL PLAQUE,17,135.15
S/6 SEW ON CROCHET FLOWERS,108,135.0
FLORAL PINK MONSTER,36,135.0
SKULLS DESIGN FLANNEL,161,134.55
NUMBER TILE COTTAGE GARDEN 1,69,134.55
POLYESTER FILLER PAD 30CMx30CM,107,133.75
DIAMANTE BOW BROOCH GREEN COLOUR,21,133.35
WHITE SQUARE TABLE CLOCK,94,132.99
COSY SLIPPER SHOES SMALL  RED,45,132.75
BLUE CIRCLES DESIGN TEDDY,52,132.6
PINK/YELLOW FLOWERS HANDBAG,106,132.5
BLUE PUDDING SPOON,1010,132.3
SMALL KITCHEN FLOWER POTS PLAQUE,19,132.05
TUSCAN VILLA BIRD FEEDER,16,132.0
SMALL JEWELLERY STAND,16,132.0
GREEN METAL BOX TOP SECRET,16,132.0
"TUMBLER, NEW ENGLAND",138,131.94
RED KUKUI COCONUT SEED NECKLACE,112,131.8
GREEN MURANO TWIST BRACELET,31,131.75
NUMBER TILE COTTAGE GARDEN 2,67,130.65
SET OF 2 TEA TOWELS PING MICROWAVE,79,130.37
PAPERWEIGHT VINTAGE PAISLEY,134,130.26
S/4 BLACK MINI ROSE CANDLE IN BOWL,222,129.94
PINK HORSE SOCK PUPPET KIT,44,129.8
GOLD WINE GOBLET,164,129.56
GLASS CHALICE GREEN  SMALL,147,129.51
MIRRORED WALL ART LADIES,161,129.15
SILVER APERITIF GLASS,276,128.4
THREE CANVAS LUGGAGE TAGS,66,128.26
75 GREEN PETIT FOUR CASES,305,128.1
SMALL WHITE/PINK ROSE ART FLOWER,113,127.57
VINTAGE ROSE BEAD BRACELET BLACK,30,127.5
GREEN WIRE STANDING CANDLE HOLDER,34,127.5
SPACE FROG,100,127.25
BEADED PEARL HEART WHITE LARGE,77,127.05
VINTAGE KEEPSAKE BOX TRAVELOGUE,20,127.0
SET 4 PICNIC CUTLERY FONDANT,65,126.75
GLASS SONGBIRD STORAGE JAR,11,126.7
FIRST CLASS LUGGAGE TAG,105,126.69
CREAM SWEETHEART WALL CABINET,7,126.65
HANGING WOOD AND FELT HEART,300,126.0
FELT EGG COSY LADYBIRD,256,125.68
PURPLE ACRYLIC FACETED BANGLE,104,125.0
LARGE JEWELLERY STAND,10,125.0
SILVER HOOP EARRINGS WITH FLOWER,21,124.95
SET OF 4 POLKADOT COASTERS,98,124.92
BEADED CRYSTAL HEART GREEN SMALL,101,124.11
PINK PILLAR CANDLE SILVER FLOCK,80,123.68
SMALL CAMPHOR WOOD FIELD  MUSHROOM,93,123.21
SET OF 3 MINI HANGING PORTRAITS,32,123.2
CRYSTAL STUD EARRINGS CLEAR DISPLAY,324,123.12
CANDY SPOT EGG WARMER RABBIT,502,122.94
LARGE PARLOUR FRAME,27,122.85
CHERRY BLOSSOM PASSPORT COVER,134,122.78
FRENCH ENAMEL UTENSIL HOLDER,37,122.75
BLUE ROUND COMPACT MIRROR,88,122.5
NINJA RABBIT PINK,101,122.45
BLACK MINI TAPE MEASURE,158,121.3
ASSORTED CIRCULAR MOBILE,645,121.05
ZINC HEART LATTICE 2 WALL PLANTER,19,120.65
BEADED CRYSTAL HEART GREEN ON STICK,142,120.38
MIRROR MOSAIC CANDLE PLATE,151,120.07
GIFT BAG LARGE SPOT,96,120.0
FLORAL SOFT CAR TOY,32,120.0
DAISY FOLKART HEART DECORATION,96,120.0
VINTAGE ZINC WATERING CAN,12,119.4
CANDY SPOT CUSHION COVER,40,119.36
YELLOW DRAGONFLY HELICOPTER,15,119.25
PINK OVAL JEWELLED MIRROR,20,119.0
SET OF 12 T-LIGHTS VINTAGE DOILEY,61,118.95
FOLDING MIRROR HOT PINK,156,118.92
CITRUS GARLAND FELT FLOWERS,60,117.0
MOCK LOBSTER FRIDGE MAGNET,266,116.62
RETRO PLASTIC DAISY TRAY,252,116.59
FRENCH STYLE STORAGE JAR JAM,323,116.59
BLACK SILOUETTE CANDLE PLATE,137,116.45
SUMMER FUN DESIGN SHOWER CAP,325,116.33
"SMALL POP BOX,FUNKY MONKEY",93,116.25
EIGHT PIECE DINOSAUR SET,93,116.25
RED   ACRYLIC FACETED BANGLE,94,115.9
NEW BAROQUE BLACK PHOTO ALBUM,26,115.55
LUNCH BAG VINTAGE DOILEY,70,115.5
STARFISH SOAP DISH,59,115.25
GROOVY CACTUS INFLATABLE,291,114.41
BLUE FLY SWAT,135,114.21
WALL ART BICYCLE SAFTEY,21,114.15
SILVER LARIAT 40CM,22,113.9
JADE DROP EARRINGS W FILIGREE,23,113.85
ICON PLACEMAT POP ART ELVIS,827,113.64
BEADED CRYSTAL HEART PINK ON STICK,115,113.09
PSYCHEDELIC WALL THERMOMETER,80,112.48
SCENTED CANDLE IN DIGITALIS TIN,53,111.3
BLUE CAT BISCUIT BARREL PINK HEART,57,111.15
NUMBER TILE VINTAGE FONT 3,83,110.29
PANTRY KITCHEN THERMOMETER,88,110.0
LARGE CAMPHOR WOOD FIELD MUSHROOM,24,109.8
LARGE TORTILLA DESIGN RED BOWL,64,109.8
RED PUDDING SPOON,837,109.74
VINTAGE KITCHEN PRINT PUDDINGS,43,109.65
SNACK TRAY RED GINGHAM,56,109.2
NUMBER TILE COTTAGE GARDEN No,52,109.2
NUMBER TILE COTTAGE GARDEN 9,56,109.2
PINK/BLUE STRING CURTAIN,56,109.2
QUEEN OF SKIES LUGGAGE TAG,89,109.11
5 STRAND GLASS NECKLACE CRYSTAL,17,107.95
PAPER LANTERN 6 POINT SNOW STAR,26,107.9
LAVENDER INCENSE 40 CONES IN TIN,109,107.45
HEN HOUSE W CHICK STANDING,270,107.4
NUMBER TILE COTTAGE GARDEN 4,55,107.25
HOUSE WRECKING METAL SIGN,51,107.1
SMALL PARLOUR FRAME,42,106.98
MINI LADLE LOVE HEART PINK,243,106.98
BANK ACCOUNT  GREETING  CARD,265,106.98
ZINC SWEETHEART SOAP DISH,60,106.9
FROSTED WHITE BASE,229,106.45
WOODLAND LARGE BLUE FELT HEART,85,106.25
ASSORTED CHEESE FRIDGE MAGNETS,163,105.95
DAISY NOTEBOOK,64,105.6
NUMBER TILE COTTAGE GARDEN 6,54,105.3
NUMBER TILE COTTAGE GARDEN 0,54,105.3
TEATIME PUSH DOWN RUBBER,467,105.29
PACKING CHARGE,14,105.0
FOLK FELT HANGING MULTICOL GARLAND,28,105.0
BOTANICAL LILY GIFT WRAP,250,105.0
12 PINK HEN+CHICKS IN BASKET,41,104.55
RED RETROSPOT WASHBAG,49,102.9
NUMBER TILE VINTAGE FONT 6,79,102.49
NUMBER TILE VINTAGE FONT 2,79,102.49
SET/3 RABBITS FLOWER SKIPPPING ROPE,120,102.0
PURPLE GEMSTONE NECKLACE 45CM,8,102.0
MIRRORED WALL ART PHOTO FRAMES,24,102.0
LONG SILVER NECKLACE PASTEL FLOWER,8,102.0
"ACRYLIC HANGING JEWEL,BLUE",268,101.84
NUMBER TILE COTTAGE GARDEN 8,52,101.4
NUMBER TILE COTTAGE GARDEN 3,52,101.4
CAROUSEL DESIGN WASHBAG,52,101.4
SET OF 4 CAROUSEL PLACEMATS,70,101.06
MINI HIGHLIGHTER PENS,840,100.8
SMALL BLUE PROVENCAL CERAMIC BALL,61,100.65
NUMBER TILE VINTAGE FONT 4,78,100.54
"ACRYLIC JEWEL ICICLE, PINK",264,100.32
PACK/12 XMAS FUN CARD,34,100.3
BEADED CRYSTAL HEART BLUE SMALL,77,99.88
NUMBER TILE COTTAGE GARDEN 7,51,99.45
LAVENDER INCENSE IN TIN,172,99.29
TUSCAN VILLA FEEDING STATION,12,99.0
TUSCAN VILLA DOVECOTE,12,99.0
BUNDLE OF 3 RETRO EXERCISE BOOKS,60,99.0
BLACK CHUNKY BEAD BRACELET W STRAP,11,98.45
CHERRY BLOSSOM CANVAS ART PICTURE,41,97.95
PINK CANDYSTUFT ARTIFICIAL FLOWER,137,96.89
PINK HYDRANGEA ART FLOWER,46,96.6
PACK 3 BOXES CHRISTMAS PANETTONE,39,95.67
PURPLE GEMSTONE BRACELET,16,95.2
PACK 3 FIRE ENGINE/CAR PATCHES,76,95.0
NUMBER TILE VINTAGE FONT 5,75,94.69
YELLOW FLOWERS FELT HANDBAG KIT,45,94.5
WOVEN ROSE GARDEN CUSHION COVER,19,94.05
PINK BERTIE GLASS BEAD BAG CHARM,109,93.9
HOME SWEEET HOME 3 PEG HANGER,25,93.75
WHITE VINT ART DECO CRYSTAL NECKLAC,11,93.5
CHRISTMAS RETROSPOT HEART WOOD,110,93.5
AMBER DIAMANTE EXPANDABLE RING,22,93.5
BLACK GRAND BAROQUE PHOTO FRAME,48,93.0
NUMBER TILE VINTAGE FONT 7,74,92.74
PINK BUTTERFLY CUSHION COVER,29,92.55
POSY CANDY BAG,74,92.5
LARGE BLUE PROVENCAL CERAMIC BALL,44,92.4
BLUE PAISLEY NOTEBOOK,56,92.4
ASS FLORAL PRINT SPIRIT LEVEL,96,92.08
PINK MARSHMALLOW SCARF KNITTING KIT,36,91.8
NUMBER TILE COTTAGE GARDEN 5,47,91.65
DOUBLE CERAMIC PARLOUR HOOK,22,91.3
IVORY SHELL HEART NECKLACE,19,90.67
JASMINE VOTIVE CANDLE,338,90.34
SILVER  CANDLEPOT JARDIN,24,90.0
POLKADOT MUG PINK,62,89.7
PINK BITTY LIGHT CHAIN,69,89.65
WOODEN BOX ADVENT CALENDAR,10,89.5
AMBER GLASS/SILVER BRACELET,10,89.5
VINTAGE KITCHEN PRINT SEAFOOD,35,89.25
BLACK DIAMANTE EXPANDABLE RING,21,89.25
SILVER M.O.P ORBIT BRACELET,18,89.1
NUMBER TILE VINTAGE FONT 1,72,88.84
PAISLEY PATTERN  STICKERS,104,88.4
GREEN PEONY CUSHION COVER,19,88.35
MIRRORED WALL ART FOXY,15,88.2
"FLOWER GLASS GARLAND NECKL.36""BLACK",11,87.45
12 HANGING EGGS HAND PAINTED,42,87.36
BLACK+WHITE NECKLACE W TASSEL,13,87.35
OYSTER TRINKET BOX,48,87.12
SET/4 MODERN VINTAGE COTTON NAPKINS,77,86.75
GREEN FERN NOTEBOOK,52,85.8
PAINTED SEA SHELL METAL WINDCHIME,93,85.31
BLUE SWEETHEART BRACELET,20,85.0
BLUE MURANO TWIST BRACELET,20,85.0
SPACE CADET WHITE,65,84.88
FLAMES SUNGLASSES PINK LENSES,47,84.45
PINK STOCKING CHRISTMAS DECORATION,222,84.36
TURQUOISE CRYSTAL+GLASS BRACELET,17,84.15
MEDIUM PARLOUR FRAME,22,84.1
WRAP FOLK ART,200,84.0
FOUR RABBIT EASTER DECORATIONS,67,83.75
BLUE KNITTED EGG COSY,150,83.46
PINK HEART OF GLASS BRACELET,14,83.3
PINK AND BLACK STRING CURTAIN,38,82.1
TEATIME GEL PENS ASST,504,82.08
IVY HEART WREATH,12,81.0
PEACH KNITTED HEN,49,80.85
SILVER/M.O.P PENDANT ORBIT NECKLACE,14,80.75
SET/6 POSIES PAPER PLATES,95,80.75
WHITE GLASS CHUNKY CHARM BRACELET,9,80.55
BLUE GLASS CHUNKY CHARM BRACELET,9,80.55
SET 36 COLOUR PENCILS DOILEY,64,80.0
WHITE CHRYSANTHEMUMS ART FLOWER,38,79.8
ANT SILVER LIME GREEN BOUDICCA RING,27,79.65
SILVER/MOP ORBIT NECKLACE,8,79.6
GOLD M PEARL  ORBIT NECKLACE,8,79.6
VINTAGE ZINC WATERING CAN SMALL,16,79.2
GOLDIE LOOKING MIRROR,16,79.2
RED PEONY CUSHION COVER,17,79.05
STRIPES DESIGN MONKEY DOLL,31,79.05
FLORAL BATHROOM SET,21,78.75
BEACH HUT KEY CABINET,21,78.75
BEADED CRYSTAL HEART BLUE ON STICK,73,78.71
CLASSIC CROME BICYCLE BELL,60,77.4
GREEN HEART OF GLASS BRACELET,13,77.35
NUMBER TILE VINTAGE FONT 8,66,77.14
GOLD/M.O.P PENDANT ORBIT NECKLACE,9,76.5
TROPICAL LUGGAGE TAG,61,76.39
FROG CANDLE,61,76.25
DAISY HAIR BAND,46,75.9
MIRRORED WALL ART TABLE LAMP,67,75.73
VINTAGE ZINC PLANTER,23,75.67
CLEAR MILKSHAKE GLASS,36,75.6
VINTAGE ENGRAVED HEART,60,75.0
HILDA CANDY SPOT RABBIT,20,75.0
GREEN GEISHA GIRL,20,75.0
BLUE GEISHA GIRL,20,75.0
"RUSTIC WOODEN CABINET, GLASS DOORS",3,74.85
PAPER LANTERN 9 POINT HOLLY STAR 23,18,74.7
ALUMINIUM HEART,30,74.7
WOVEN BERRIES CUSHION COVER,15,74.25
LILY BROOCH AMETHYST COLOUR,15,74.25
BROWN KUKUI COCONUT SEED NECKLACE,74,74.0
MOUSEY LONG LEGS SOFT TOY,29,73.95
VINTAGE NOTEBOOK TRAVELOGUE,25,73.75
HANGING BAUBLE T-LIGHT HOLDER LARGE,25,73.75
VIP PASSPORT COVER,35,73.5
DRAGONS BLOOD INCENSE,349,73.29
SET OF 36 SPACEBOY PAPER DOILIES,50,72.5
4 SKY BLUE DINNER CANDLES,58,72.5
SILVER M.O.P ORBIT DROP EARRINGS,17,72.25
POLYESTER FILLER PAD 65CMx65CM,17,72.25
SPOTTED WHITE NATURAL SEED NECKLACE,72,72.0
FLOWERS TILE HOOK,57,71.82
PINK KNITTED EGG COSY,140,71.76
AMBER CHUNKY GLASS+BEAD NECKLACE,6,71.7
AMBER CHUNKY BEAD BRACELET W STRAP,8,71.6
NECKLACE+BRACELET PINK BUTTERFLY,28,71.4
NUMBER TILE VINTAGE FONT 9,63,71.29
YELLOW POT PLANT CANDLE,23,71.05
CHARLIE AND LOLA CHARLOTTE BAG,43,70.95
CONGRATULATIONS BUNTING,13,70.85
STRIPY DESIGN SHOWER CAP,197,70.57
PINK ROSEBUD PEARL BRACELET,19,70.35
PINK SQUARE TABLE CLOCK,62,70.1
WRAP BAD HAIR DAY,700,70.0
BLUE WIRE SPIRAL CANDLE HOLDER,11,69.85
ROUND PURPLE CLOCK WITH SUCKER,367,69.73
GREEN MURANO TWIST NECKLACE,7,69.65
NUMBER TILE VINTAGE FONT 0,62,69.34
WOVEN CANDY CUSHION COVER,14,69.3
WOVEN BUBBLE GUM CUSHION COVER,14,69.3
SET OF 12 MINI BUNNIES IN A BUCKET,33,69.3
ST TROPEZ NECKLACE,14,69.3
"GREETING CARD,SQUARE, DOUGHNUTS",160,68.84
4 BURGUNDY WINE DINNER CANDLES,55,68.75
EASTER BUNNY WITH BASKET ON BACK,105,68.25
ASSORTED FARMYARD ANIMALS IN BUCKET,86,68.06
SILVER/NATURAL SHELL NECKLACE,8,68.0
CAKE STAND VICTORIAN FILIGREE LARGE,8,68.0
BLACK VINT ART DEC CRYSTAL NECKLACE,8,68.0
"FOLK ART GREETING CARD,pack/12",23,67.85
ORIGAMI VANILLA INCENSE CONES,154,67.83
LUSH GREENS RIBBONS,54,67.5
EASTER BUNNY HANGING GARLAND,54,67.5
CRYSTAL PAIR HEART HAIR SLIDES,18,67.5
SMALL ZINC/GLASS CANDLEHOLDER,49,67.25
BLUE BLOSSOM HAIR CLIP,64,67.2
"ACRYLIC HANGING JEWEL,PINK",95,66.55
BEACH HUT MIRROR,49,66.39
WHITE  ROSEBUD PEARL BRACELET,28,65.7
RASPBERRY ANT COPPER FLOWER NECKLAC,11,65.45
PINK B'FLY C/COVER W BOBBLES,11,65.45
PURPLE BERTIE GLASS BEAD BAG CHARM,74,65.4
PACK/12 BLUE FOLKART CARDS,22,64.9
BISCUIT TIN VINTAGE LEAF,24,64.56
VINTAGE ENAMEL & CRYSTAL EARRINGS,13,64.35
CRYSTAL DIAMANTE STAR BROOCH,13,64.35
"DECORATION HEN ON NEST, HANGING",39,64.35
16 PC CUTLERY SET PANTRY DESIGN,4,63.8
SILVER LATTICE VANILLA CANDLE POT,17,63.75
MONEY BOX FIRST ADE DESIGN,51,63.75
FINE SILVER NECKLACE W PASTEL FLOWE,13,63.75
EAU DE NILE JEWELLED T-LIGHT HOLDER,75,63.75
BLUE SQUARE COMPACT MIRROR,51,63.75
PINK METAL SWINGING BUNNY,75,63.75
TURQUOISE BERTIE GLASS BEAD CHARM,73,63.3
"ACRYLIC JEWEL SNOWFLAKE, PINK",162,63.28
CHRISTMAS CRAFT HEART STOCKING,30,63.0
METAL RABBIT LADDER EASTER,74,62.9
SCOTTIES CHILDRENS APRON,38,62.7
MIDNIGHT BLUE GLASS/SILVER BRACELET,7,62.65
BLACK/WHITE GLASS/SILVER BRACELET,7,62.65
BLUE DISCO HANDBAG,31,62.63
PINK STRING CURTAIN WITH POLE,28,62.6
RED DAISY PAPER LAMPSHADE,50,62.5
SMALL HANGING GLASS+ZINC LANTERN,43,62.35
ORIGAMI SANDLEWOOD INCENSE+FLOWER,80,62.15
SET/6 POSIES PAPER CUPS,126,62.12
TURQUOISE GLASS TASSLE BAG CHARM,21,61.95
ZINC HEART LATTICE CHARGER SMALL,21,61.95
A4 WALL TIDY BLUE OFFICE,114,61.86
FLOWERS HANDBAG blue and orange,49,61.25
"WALL ART ,PUDDINGS",8,61.2
SET OF 72 GREEN PAPER DOILIES,42,60.9
SET OF 36 DOLLY GIRL PAPER DOILIES,42,60.9
HANGING RIDGE GLASS T-LIGHT HOLDER,36,60.84
ORIENTAL RED CUSHION COVER,13,60.45
CUBIC MUG FLOCK BLUE ON BROWN,127,60.33
PIG MUG IN TWO COLOUR DESIGNS,128,60.04
PAIR BUTTERFLY HAIR CLIPS,16,60.0
MIDNIGHT BLUE VINTAGE EARRINGS,16,60.0
ELVIS WALLHANGING / CURTAIN,48,60.0
"BATHROOM SCALES, TROPICAL BEACH",16,60.0
"BREAD BIN, DINER STYLE, MINT",4,59.8
"BREAD BIN, DINER STYLE, IVORY",4,59.8
PINK MURANO TWIST NECKLACE,6,59.7
PINK PAISLEY CUSHION COVER,10,59.5
WOVEN SUNSET CUSHION COVER,12,59.4
I LOVE LONDON WALL ART,12,59.4
WAY OUT METAL SIGN,36,59.4
RUSTIC STRAWBERRY JAMPOT SMALL,36,59.4
AMBER DROP EARRINGS W LONG BEADS,20,59.0
ENGLISH ROSE METAL WASTE BIN,20,59.0
PINK & WHITE ROSEBUD RING,14,58.9
PARTY TIME DESIGN FLANNEL,72,58.9
"TUMBLER, BAROQUE",54,58.86
GARDEN PATH POCKET BOOK,69,58.65
CLEAR ACRYLIC FACETED BANGLE,40,58.6
CD WALL TIDY RED FLOWERS,160,58.56
SET OF 36 PANTRY PAPER DOILIES,39,58.02
SMOKEY GREY COLOUR GLASS,200,58.0
BLACK ORANGE SQUEEZER,138,57.96
TOP SECRET PEN SET,46,57.5
RETRO PINK BALL ASHTRAY,46,57.5
SET 4 NURSERY DES ROUND BOXES,55,57.25
CUBIC MUG FLOCK PINK ON BROWN,130,57.18
PAIR OF ENAMEL BUTTERFLY HAIRCLIP,17,56.95
TEATIME PEN CASE & PENS,67,56.95
PINK/PURPLE CIRCLE CURTAIN,52,56.52
BLUE TABLE RUN FLOWER,45,56.25
BLUE TRAVEL FIRST AID KIT,34,56.1
SET OF 3 CONEY ISLAND OVAL BOXES,12,55.95
"LETTER ""A"" BLING KEY RING",63,55.71
CLASSICAL ROSE TABLE LAMP,6,55.7
"FLOWER GLASS GARLD NECKL36""AMETHYST",7,55.65
RECIPE BOX WITH METAL HEART,7,55.65
SWEET PUDDING STICKER SHEET,65,55.25
ROSE DU SUD DRAWSTRING BAG,13,55.25
AMETHYST DIAMANTE EXPANDABLE RING,13,55.25
BLACK SMALL GLASS CAKE STAND,61,54.99
COLUMBIAN CUBE CANDLE,28,54.6
WOVEN FROST CUSHION COVER,11,54.45
LILY BROOCH OLIVE COLOUR,11,54.45
CHRYSANTHEMUM POCKET BOOK,64,54.4
"RETRO ""TEA FOR ONE""",14,54.3
GOLD FABRIC MIRROR,139,54.21
WHITE VINTAGE CRYSTAL BRACELET,8,54.0
BLUE TILED TRAY,8,54.0
BLACK CHERRY LIGHTS,8,54.0
SPACEBOY MINI RUCKSACK,13,53.95
WAKE UP COCKEREL TILE HOOK,46,53.85
ZINC HEART LATTICE TRAY OVAL,9,53.55
HEART BUTTONS JEWELLERY BOX,7,53.55
GREEN FERN POCKET BOOK,63,53.55
BLUE ROSE PATCH PURSE PINK BUTTERFL,32,52.8
FOLK ART METAL HEART T-LIGHT HOLDER,145,52.76
HELLO SAILOR BATHROOM SET,14,52.5
FIRE POLISHED GLASS BRACELET GREEN,14,52.5
DIAMANTE NECKLACE PURPLE,7,52.5
CREAM CLIMBING HYDRANGA ART FLOWER,30,52.5
BLUE CLIMBING HYDRANGA ART FLOWER,38,52.5
RETO LEAVES MAGNETIC SHOPPING LIST,36,52.2
DOORKNOB CERAMIC IVORY,36,52.2
ORIGAMI OPIUM INCENSE/CANDLE SET,59,52.05
VINTAGE BEAD COSMETIC BAG,16,51.82
FRENCH CHATEAU SMALL FRUITBOWL,24,51.6
RETRO BROWN BALL ASHTRAY,41,51.25
SPACE CADET BLACK,40,51.21
SILVER LARIAT BLACK STONE EARRINGS,12,51.0
NECKLACE+BRACELET SET BLUE HIBISCUS,20,51.0
BLACK GEMSTONE NECKLACE 45CM,4,51.0
TEATIME FUNKY FLOWER BACKPACK FOR 2,3,50.85
VINTAGE PHOTO ALBUM PARIS DAYS,8,50.8
DIAMANTE BOW BROOCH BLACK COLOUR,8,50.8
5 STRAND GLASS NECKLACE BLACK,8,50.8
GREEN EASTER EGG HUNT START POST,26,50.7
S/3 POT POURI CUSHIONS BLUE COLOURS,24,50.4
FUSCHIA VOILE POINTY SHOE DEC,97,50.31
PINK FEATHERS CURTAIN,52,50.28
COLOURFUL FLOWER FRUIT BOWL,16,50.25
GREEN GLASS TASSLE BAG CHARM,17,50.15
DROP DIAMANTE EARRINGS PURPLE,17,50.15
LARGE ZINC GLASS CANDLEHOLDER,18,49.98
CRYSTAL FROG PHONE CHARM,85,49.93
VEGETABLE MAGNETIC  SHOPPING LIST,36,49.8
DECROTIVEVINTAGE COFFEE GRINDER BOX,10,49.5
CORDIAL JUG,6,49.5
CHRISTMAS TREE T-LIGHT HOLDER,34,49.3
PINK FLOWERS RABBIT EASTER,21,48.95
BUTTONS AND STRIPES NOTEBOOK,13,48.75
LITTLE GREEN MONSTER SOFT TOY,19,48.45
CAKES AND RABBITS DESIGN FLANNEL,57,48.45
CAKE SHOP  STICKER SHEET,57,48.45
PURPLE DRESS JEWELLERY STAND,61,48.19
BILI NUT AND WOOD NECKLACE,48,48.0
"FLOWER GLASS GARLAND NECKL.36""BLUE",6,47.7
FLOWER GARLAND NECKLACE RED,6,47.7
"WALL ART , LOVES' SECRET",8,47.6
TURQUOISE HEART OF GLASS BRACELET,8,47.6
RUBY GLASS CLUSTER BRACELET,8,47.6
LOVE POTION MASALA INCENSE,225,47.25
"LARGE CAKE TOWEL, CHOCOLATE SPOTS",7,47.25
YELLOW/BLUE RETRO RADIO,16,47.2
SET OF 6 ICE CREAM SKITTLES,16,47.2
RED PEONY TABLE CLOCK,16,47.2
RED GLASS TASSLE BAG CHARM,16,47.2
COLUMBIAN  CUBE CANDLE,98,47.18
PINK SMALL GLASS CAKE STAND,24,46.8
BLUE MONTE CARLO HANDBAG,24,46.8
CROCHET WHITE RABBIT KEYRING,31,46.35
4 PINK FLOCK CHRISTMAS BALLS,37,46.25
WHITE WIRE PLANT POT HOLDER,16,46.24
WHITE HYDRANGEA ART FLOWER,22,46.2
BLACK BIRD GARDEN DESIGN MUG,105,46.11
PAPER LANTERN 5 POINT STUDDED STAR,8,46.0
ROMANTIC IMAGES SCRAP BOOK SET,16,45.9
PINK FELT HANGING HEART W FLOWER,54,45.9
SET/6 GREEN SPRING PAPER CUPS,231,45.73
FAWN AND MUSHROOM GREETING CARD,108,45.36
RESIN NECKLACE W PASTEL BEADS,6,45.0
PERIWINKLE T-LIGHT HOLDER,36,45.0
MIDNIGHT BLUE PAIR HEART HAIR SLIDE,12,45.0
TEAL/FUSCHIA COL BEAD NECKLACE,9,44.55
MOP PENDANT SHELL NECKLACE,9,44.55
GREEN  DIAMANTE PEN IN GIFT BOX,9,44.55
ANT COPPER RED BOUDICCA BRACELET,9,44.55
FROG SOCK PUPPET,15,44.25
CHERRY BLOSSOM LUGGAGE TAG,33,43.67
BLUE FLOWER DES PURSE,44,43.66
"RETRO PILL BOX KEY CHAIN,THE KING",235,43.65
BLUE CHENILLE SHAGGY CUSHION COVER,43,43.15
"PEARL & SHELL 42""NECKL. GREEN",4,43.0
PAINTED LIGHTBULB STAR+ MOON,108,42.96
"WRAP, CAROUSEL",100,42.0
WRAP SUMMER ROSE DESIGN,100,42.0
WRAP  VINTAGE DOILEY,100,42.0
TRANQUILITY MASALA INCENSE,200,42.0
CRACKED GLAZE NECKLACE RED,6,41.7
CRACKED GLAZE NECKLACE IVORY,6,41.7
PAPER LANTERN 5 POINT STAR MOON 30,10,41.5
FAN BLACK FRAME,143,41.47
CANDY SPOT BUNNY,14,41.3
ANT SILVER FUSCHIA BOUDICCA RING,14,41.3
GREEN VINTAGE EARRINGS,11,41.25
CREAM AND PINK FLOWERS PONY,11,41.25
BLACK VINTAGE  CRYSTAL EARRINGS,11,41.25
"STRING OF 8 BUTTERFLIES,PINK",25,41.25
CREAM BUNNY EASTER EGG BASKET,25,41.25
FIRST CLASS HOLIDAY PURSE,11,40.97
PINK FLY SWAT,63,40.95
MINITURE ANTIQUE ROSE HOOK IVORY,48,40.8
LITTLE PINK MONSTER SOFT TOY,16,40.8
BUTTERFLY HAIR BAND,16,40.8
DOGGY RUBBER,193,40.53
ROUND BLUE CLOCK WITH SUCKER,211,40.09
CANDY SPOT TEA COSY,27,40.05
"LETTER ""C"" BLING KEY RING",52,40.04
ROCOCO WALL MIROR,2,39.9
BLUE MURANO TWIST NECKLACE,4,39.8
LA PALMIERA TILE HOOK,45,39.78
FREESTYLE CANVAS ART PICTURE,41,39.65
PINK CRYSTAL+GLASS BRACELET,8,39.6
CHILDRENS SPACEBOY MUG,24,39.6
PINK DOG CANNISTER,14,39.3
SET/4 BUTTERFLY MIRROR MAGNETS,79,39.2
SET OF 36 VINTAGE CHRISTMAS DOILIES,27,39.15
FAIRY CAKE NOTEBOOK A5 SIZE,46,39.1
MULTICOLOUR EASTER RABBIT,20,39.0
FUSCHIA TABLE RUN FLOWER,27,38.75
BLACK MEDIUM GLASS CAKE STAND,19,38.69
BLUE POLKADOT PUDDING BOWL,29,38.67
ASSORTED COLOUR SUCTION CUP HOOK,202,38.38
DROP DIAMANTE EARRINGS CRYSTAL,13,38.35
PINK STRAWBERRY HANDBAG,13,38.35
WHITE FRANGIPANI NECKLACE,15,38.25
PINK YELLOW PATCH CUSHION COVER,5,38.25
NEW BAROQUE BLACK BOXES,3,38.25
LA PALMIERA WALL THERMOMETER,15,38.25
CANDY SPOT HEART DECORATION,45,38.25
RED POLKADOT PUDDING BOWL,32,38.13
T-LIGHT HOLDER SILVER SAUCER,41,38.03
FLAG OF ST GEORGE,23,37.95
PINK CHRYSANTHEMUMS ART FLOWER,18,37.8
RUBY DROP CHANDELIER EARRINGS,10,37.5
PAPER LANTERN 9 POINT HOLLY STAR 40,6,37.5
GREEN CAT FLORAL CUSHION COVER,10,37.5
FLOWER BURST SILVER RING CRYSTAL,10,37.5
IVORY SCULPTED RND CANDLE,44,37.4
HOT WATER BOTTLE BABUSHKA LARGE,8,37.2
SQUARE METAL CANDLEHOLDER BASE,52,36.52
VANILLA INCENSE 40 CONES IN TIN,29,36.25
GREY ACRYLIC FACETED BANGLE,26,35.9
ASSORTED CAKES FRIDGE MAGNETS,55,35.75
PINK/FLOWER RABBIT EGG WARMER,17,35.7
COPPER/OLIVE GREEN FLOWER NECKLACE,6,35.7
PINK FOXGLOVE ARTIIFCIAL FLOWER,14,35.7
PINK ENAMEL FLOWER HAIR TIE,12,35.4
CRYSTAL HOOP EARRING FLORAL LEAF,12,35.4
BLACK DROP CRYSTAL NECKLACE,12,35.4
BLUE POLKADOT PURSE,9,35.07
PINK CLEAR GLASS CANDLE PLATE,28,35.0
"RETRO PILL BOX , REVOLUTIONARY",189,34.91
LEAVES MAGNETIC  SHOPPING LIST,24,34.8
IVORY GOLD METAL BAG CHARM,5,34.77
"LETTER ""K"" BLING KEY RING",47,34.75
RIVIERA NECKLACE,7,34.65
CD WALL TIDY BLUE OFFICE,96,34.56
HEN HOUSE W FAMILY IN BARN & NEST,49,34.51
MONEY BOX FIRST AID DESIGN,43,34.32
GOLD APERITIF GLASS,88,34.32
"GREETING CARD, OVERCROWDED POOL.",180,34.2
PINK BUTTERFLY WASHBAG,8,34.0
NEW BAROQUE B'FLY NECKLACE RED,4,34.0
GOLD M.O.P ORBIT DROP EARRINGS,8,34.0
FILIGREE DIAMANTE EARRINGS,8,34.0
FLOWER BLUE CLOCK WITH SUCKER,117,33.93
FUNKY FLOWER PICNIC BAG FOR 4,2,33.9
BLUE STONES ON WIRE FOR CANDLE,404,33.75
36 PENCILS TUBE POSY,27,33.75
CRYSTAL SEA HORSE PHONE CHARM,90,33.66
BLACK SIL'T SQU CANDLE PLATE,16,33.6
DOLLY GIRL MINI RUCKSACK,8,33.2
WHITE WITH BLACK CATS PLATE,78,33.18
TURQ ICE CREAM BUM BAG,13,33.15
NECKLACE+BRACELET SET FRUIT SALAD,13,33.15
FLOWER FAIRY INCENSE BOUQUET,61,32.35
YELLOW BREAKFAST CUP AND SAUCER,49,31.91
DANISH ROSE UMBRELLA STAND,2,31.9
"FLOWER GLASS GARLD NECKL36""TURQUOIS",4,31.8
"FLOWER GLASS GARLAND NECKL.36""GREEN",4,31.8
SET/9 CHRISTMAS T-LIGHTS SCENTED,25,31.25
PINK BREAKFAST CUP AND SAUCER,21,31.23
SET 12 COLOUR PENCILS DOILEY,48,31.2
YULETIDE IMAGES S/6 PAPER BOXES,12,30.6
CANNABIS LEAF BEAD CURTAIN,36,30.6
BAKING MOULD CUPCAKE CHOCOLATE,12,30.6
BAKING MOULD CHOCOLATE CUP CAKES,12,30.6
WHITE CHRISTMAS FLOCK DROPLET,24,30.0
PINK ROSEBUD & PEARL NECKLACE,4,30.0
PINK HEART DOTS HOT WATER BOTTLE,8,30.0
GREEN PAIR HEART HAIR SLIDES,8,30.0
GIFT BAG LARGE 50'S CHRISTMAS,24,30.0
ENAMEL JUG PANTRY,8,30.0
ENAMEL BOWL PANTRY,24,30.0
EDWARDIAN DROP EARRINGS JET BLACK,8,30.0
BUTTERFLY CUSHION COVER,8,30.0
BLACK CHRISTMAS FLOCK DROPLET,24,30.0
BIRTHDAY BANNER TAPE,24,30.0
CAPIZ CHANDELIER,1,29.95
GLASS CAKE COVER AND PLATE,2,29.9
SILVER/BLACK ORBIT NECKLACE,3,29.85
PURPLE AMETHYST NECKLACE W TASSEL,3,29.85
PALE PINK/AMETHYST STONE NECKLACE,3,29.85
"GREETING CARD, STICKY GORDON",157,29.83
WHITE/PINK CHICK EASTER DECORATION,35,29.75
DIAMOND LAS VEGAS NECKLACE 45CM,5,29.75
CHRISTMAS MUSICAL ZINC HEART,35,29.75
"WALL ART,ONLY ONE PERSON",6,29.7
ORANGE/WHT/FUSCHIA STONES NECKLACE,6,29.7
LIGHTHOUSE PRINTED METAL SIGN,6,29.7
IVORY PENDANT TRIPLE SHELL NECKLACE,6,29.7
GOLD DIAMANTE STAR BROOCH,6,29.7
MODERN VINTAGE COTTON SHOPPING BAG,22,29.7
PINK FLOCK GLASS CANDLEHOLDER,38,29.68
"ACRYLIC JEWEL ANGEL,PINK",78,29.64
PINK VINTAGE VICTORIAN EARRINGS,10,29.5
ANT SILVER PURPLE BOUDICCA RING,10,29.5
15 PINK FLUFFY CHICKS IN BOX,10,29.5
OLD DOC RUSSEL METAL SIGN,14,29.4
VIP HOLIDAY PURSE,8,29.28
FRENCH CHATEAU OVAL PLATTER,15,29.25
"LETTER ""L"" BLING KEY RING",51,29.19
ASS COL LARGE SAND FROG P'WEIGHT,27,28.35
PACK OF 12 DOILEY TISSUES,72,28.08
TRANSPARENT ACRYLIC TAPE DISPENSER,31,27.91
PINK NEW BAROQUE FLOCK CANDLESTICK,6,27.9
PINK/AMETHYST/GOLD NECKLACE,4,27.8
ASSORTED COLOURED CIRCLE MOBILE,65,27.3
"LETTER ""E"" BLING KEY RING",41,27.25
GLOW IN DARK DOLPHINS,129,27.09
FRUIT SALAD BAG CHARM,16,27.04
ENVELOPE 50 CURIOUS IMAGES,50,27.02
PINK CHERRY LIGHTS,4,27.0
High Resolution Image,4,27.0
TIGRIS EYE CHUNKY CHARM BRACELET,3,26.85
TURQ STONE/CRYSTAL EARRINGS,9,26.55
DUSTY PINK CHRISTMAS TREE 60CM,9,26.55
FROG KING WATERING CAN,9,26.55
LARGE MINT DIAMANTE HAIRSLIDE,16,26.4
KNITTED RABBIT DOLL,16,26.4
BEST DAD CANDLE LETTERS,31,26.35
WHITE VINTAGE CRYSTAL EARRINGS,7,26.25
SILVER DROP EARRINGS WITH FLOWER,7,26.25
GLITTER SNOW PEAR TREE DECORATION,18,26.1
SET OF 4 GREEN CAROUSEL COASTERS,25,26.05
"LETTER ""S"" BLING KEY RING",40,26.0
"LETTER ""D"" BLING KEY RING",39,25.71
CHERRY BLOSSOM TABLE CLOCK,6,25.7
SWEETHEART CARRY-ALL BASKET,3,25.5
SILVER BLACK ORBIT DROP EARRINGS,6,25.5
SET OF 16 VINTAGE IVORY CUTLERY,2,25.5
PAIR OF PINK FLOWER CLUSTER SLIDE,10,25.5
NEW BAROQUE SMALL NECKLACE BLACK,3,25.5
GLASS BEAD HOOP NECKLACE GREEN,3,25.5
GLASS BEAD HOOP NECKLACE AMETHYST,3,25.5
VINTAGE KEEPSAKE BOX PINK FLOWER,4,25.4
WHITE ALLIUM  ARTIFICIAL FLOWER,15,25.35
IVORY PANTRY HANGING LAMP,2,25.0
HARDMAN MUG 3 ASSORTED,64,24.96
BELL HEART ANTIQUE GOLD,12,24.96
SET OF 4 KNICK KNACK TINS  DOILEY,6,24.9
AQUA BERTIE GLASS BEAD BAG CHARM,19,24.9
COPPER AND BRASS BAG CHARM,4,24.81
VINTAGE ENAMEL & CRYSTAL NECKLACE,5,24.75
SILVER LOOKING MIRROR,5,24.75
GIRLY PINK TOOL SET,5,24.75
CROCHET BEAR RED/BLUE  KEYRING,15,24.75
GARDEN PATH NOTEBOOK,15,24.75
MURANO STYLE GLASS BRACELET GOLD,7,24.5
PAINTED LIGHTBULB RAINBOW DESIGN,64,24.48
75 BLACK PETIT FOUR CASES,57,23.94
UNION JACK HOT WATER BOTTLE,4,23.8
JET BLACK LAS VEGAS NECKLACE 45CM,4,23.8
TOAST ITS - DINOSAUR,19,23.75
SILVER M.O.P. ORBIT NECKLACE,8,23.6
RABBIT EASTER DECORATION,8,23.6
PINK GREEN EMBROIDERY COSMETIC BAG,8,23.6
MIDNIGHT BLUE DROP CRYSTAL NECKLACE,8,23.6
GOLD WASHBAG,8,23.6
AMBER GLASS TASSLE BAG CHARM,8,23.6
PINK PARTY SUNGLASSES,12,23.4
"GARLAND, MAGIC GARDEN 1.8M",12,23.4
CANNISTER VINTAGE LEAF DESIGN,12,23.4
ZINC PLANT POT HOLDER,8,23.12
HANGING HEART BASKET,11,23.1
PINK FELT EASTER EGG BASKET,14,23.1
ZINC T-LIGHT HOLDER STARS LARGE,24,22.8
ROSE COLOUR PAIR HEART HAIR SLIDES,6,22.5
PURPLE LAS VEGAS BRACELET ROUND,6,22.5
PINK CAT FLORAL CUSHION COVER,6,22.5
GLASS AND PAINTED BEADS BRACELET TO,6,22.5
GLASS AND PAINTED BEADS BRACELET OL,6,22.5
GLASS AND BEADS BRACELET IVORY,6,22.5
FIRE POLISHED GLASS BRACELET RED,6,22.5
FIRE POLISHED GLASS BRACELET MONTAN,6,22.5
DIAMANTE NECKLACE GREEN,3,22.5
"LETTER ""M"" BLING KEY RING",27,22.23
S/3 PINK SQUARE PLANTERS ROSES,2,21.9
"PEARL & SHELL 42""NECKL. IVORY",2,21.5
BIRD ON BRANCH CANVAS SCREEN,11,21.45
FLORAL BLUE MONSTER,5,21.25
ANTIQUE OLIVE GREEN FLOWER EARRINGS,5,21.25
WRAP GREEN RUSSIAN FOLKART,50,21.0
WRAP A PRETTY THANK YOU,50,21.0
MURANO STYLE GLASS BRACELET RED,6,21.0
KEEP CALM BIRTHDAY WRAP,50,21.0
HEAVENS SCENT FRAGRANCE OILS ASSTD,72,20.88
BLACK GEMSTONE BRACELET,3,20.85
WOODLAND MINI RUCKSACK,5,20.75
WHITE ENAMEL FLOWER HAIR TIE,7,20.65
PINK GLASS TASSLE BAG CHARM,7,20.65
GREEN ENAMEL FLOWER HAIR TIE,7,20.65
DROP DIAMANTE EARRINGS BLACK DIAMON,7,20.65
BLACK CRYSTAL DROP EARRINGS,7,20.65
PURPLE FRANGIPANI NECKLACE,8,20.4
NECKLACE+BRACELET SET BLUE BLOSSOM,8,20.4
CRYSTAL STILETTO PHONE CHARM,24,20.4
CLEAR CRYSTAL STAR PHONE CHARM,47,20.39
GOLD TEDDY BEAR,12,20.0
GIANT MEDINA STAMPED METAL BOWL,2,19.9
"CAKESTAND, 3 TIER, LOVEHEART",2,19.9
WHITE/PINK MINI CRYSTALS NECKLACE,4,19.8
TURQ PENDANT TRIPLE SHELL NECKLACE,4,19.8
SILVER BLACK ORBIT BRACELET,4,19.8
GREEN PENDANT TRIPLE SHELL NECKLACE,4,19.8
PINK SMALL JEWELLED PHOTOFRAME,12,19.8
ENAMEL DINNER PLATE PANTRY,12,19.8
DOTCOMGIFTSHOP TEA TOWEL,12,19.8
DOORKNOB CRACKED GLAZE PINK,12,19.8
DOORKNOB CRACKED GLAZE GREEN,12,19.8
YELLOW/ORANGE FLOWER DESIGN PLATE,68,19.72
FRENCH CHATEAU LARGE FRUIT BOWL,10,19.5
"RETRO TIN ASHTRAY,REVOLUTIONARY",52,19.4
BAG OF SILVER STONES,46,19.32
WHITE BEADED GARLAND STRING 20LIGHT,3,19.05
"LETTER ""I"" BLING KEY RING",25,18.77
DAIRY MAID  PUDDING BOWL,5,18.75
CRYSTAL CHANDELIER T-LIGHT HOLDER,3,18.75
CLAM SHELL LARGE,5,18.75
BIRD BOX CHRISTMAS TREE DECORATION,22,18.7
"LETTER ""Y"" BLING KEY RING",61,18.65
"LETTER ""G"" BLING KEY RING",34,18.5
BLACK FEATHER CHRISTMAS DECORATION,96,18.24
CUPID SCENTED CANDLE IN GLASS,11,18.15
BLACK DIAMOND CLUSTER NECKLACE,2,17.9
WHITE HEART OF GLASS BRACELET,3,17.85
VINTAGE GLASS TEA CADDY,3,17.85
SILVER/NAT SHELL NECKLACE W PENDANT,3,17.85
MIDNIGHT BLUE COPPER FLOWER NECKLAC,3,17.85
FIRE POLISHED GLASS NECKL BRONZE,3,17.85
AMBER FINE BEAD NECKLACE W TASSEL,3,17.85
PURPLE FOXGLOVE ARTIIFCIAL FLOWER,7,17.85
TROPICAL HOLIDAY PURSE,6,17.7
SILVER/CRYSTAL DROP EARRINGS W LEAF,6,17.7
ROUND CACTUS CANDLE,6,17.7
PURPLE GLASS TASSLE BAG CHARM,6,17.7
PURPLE ENAMEL FLOWER HAIR TIE,6,17.7
GOLD/AMBER DROP EARRINGS W LEAF,6,17.7
DROP DIAMANTE EARRINGS GREEN,6,17.7
CLASSIC DIAMANTE EARRINGS JET,6,17.7
BLACK 3 BEAD DROP EARRINGS,6,17.7
ANT SILVER TURQUOISE BOUDICCA RING,6,17.7
2 DAISIES HAIR COMB,6,17.7
BLUE EASTER EGG HUNT START POST,9,17.55
PINK/WHITE CHRISTMAS TREE 30CM,46,17.48
STORAGE TIN VINTAGE DOILEY,6,17.34
JAM JAR WITH BLUE LID,24,17.28
"LETTER ""J"" BLING KEY RING",23,17.23
PINK/GREEN FLOWER DESIGN BIG MUG,40,17.16
YELLOW FELT HANGING HEART W FLOWER,20,17.0
VINTAGE BEAD PINK JEWEL BOX,4,17.0
PURPLE/COPPER HANGING LAMPSHADE,20,17.0
NEW BAROQUE LARGE NECKLACE BLK/WHIT,2,17.0
NEW BAROQUE B'FLY NECKLACE GREEN,2,17.0
NEW BAROQUE B'FLY NECKLACE CRYSTAL,2,17.0
MINT DINER CLOCK,2,17.0
GLASS BELL JAR LARGE,2,17.0
GLASS BEAD HOOP NECKLACE MONTANA,2,17.0
GLASS BEAD HOOP NECKLACE BLACK,2,17.0
ENGLISH ROSE SCENTED HANGING HEART,4,17.0
ANTIQUE MID BLUE FLOWER EARRINGS,4,17.0
BLUE/YELLOW FLOWER DESIGN BIG MUG,31,16.77
DIAMANTE HAIR GRIP PACK/2 RUBY,10,16.5
VINTAGE BEAD PINK SHADE,13,16.25
PLAYING CARDS VINTAGE DOILEY,13,16.25
BLUE HOLE PUNCH,13,16.25
PINK/WHITE RIBBED MELAMINE JUG,2,15.9
OCEAN STRIPE HAMMOCK,2,15.9
BLUE SHARK HELICOPTER,2,15.9
GLASS BELL JAR SMALL,4,15.8
GOLD FLOWER CUSHION COVER,8,15.6
BLUE NETTING STORAGE HANGER,8,15.6
75 GREEN FAIRY CAKE CASES,28,15.4
TINY CRYSTAL BRACELET GREEN,6,15.3
PINK DAISY BAG CHARM,6,15.3
MONTANA DIAMOND CLUSTER EARRINGS,6,15.3
FLOWER FAIRY 5 SUMMER DRAW LINERS,6,15.3
DAISY HAIR COMB,6,15.3
BAKING MOULD TOFFEE CUP  CHOCOLATE,6,15.3
"ACRYLIC JEWEL SNOWFLAKE,PINK",6,15.3
LILAC VOTIVE CANDLE,72,15.12
"LETTER ""H"" BLING KEY RING",22,15.02
WHITE ROSEBUD & PEARL NECKLACE,2,15.0
SILVER 2 STRAND NECKLACE-LEAF CHARM,2,15.0
SET OF 6 EASTER RAINBOW CHICKS,12,15.0
RUBY GLASS CLUSTER NECKLACE,2,15.0
ROSE FLOWER CANDLE+INCENSE 16X16CM,4,15.0
PINK/WHITE GLASS DEMI CHOKER,2,15.0
PINK ROUND COMPACT MIRROR,12,15.0
PINK FLOCK SUEDE CUSHION COVER,12,15.0
PINK FLOCK PHOTO FRAME,12,15.0
PAINTED HEART WREATH WITH BELL,12,15.0
ENAMEL MUG PANTRY,12,15.0
DIAMANTE NECKLACE BLACK,2,15.0
DIAMANTE NECKLACE,2,15.0
CLASSIC DIAMANTE NECKLACE JET,2,15.0
3 PINK HEN+CHICKS IN BASKET,12,15.0
FOLDING MIRROR RED,18,14.94
FOLDING MIRROR IVORY,18,14.94
WHITE WITH METAL BAG CHARM,3,14.85
ROSE PENDANT TRIPLE SHELL NECKLACE,3,14.85
RESIN BRACELET W PASTEL BEADS,3,14.85
ORANGE PENDANT TRIPLE SHELL NECKLAC,3,14.85
GREEN WITH METAL BAG CHARM,3,14.85
CURIOUS IMAGES SCRAP BOOK SET,3,14.85
COTE D'AZURE NECKLACE,3,14.85
BLACK GLASS BRACELET W HEART CHARMS,3,14.85
DIAMANTE HAIR GRIP PACK/2 LT ROSE,9,14.85
DIAMANTE HAIR GRIP PACK/2 BLACK DIA,9,14.85
CROCHET ROSE DES CLOTHES HANGER,5,14.75
SILVER/AMETHYST DROP EARRINGS LEAF,5,14.75
AMETHYST HOOP EARRING FLORAL LEAF,5,14.75
PASTEL BLUE PHOTO ALBUM,29,14.5
HOLLY TOP CHRISTMAS STOCKING,17,14.45
YELLOW/PINK FLOWER DESIGN BIG MUG,33,14.43
CAROUSEL PONIES BABY BIB,33,14.37
BLUE CHECK BAG W HANDLE 34X20CM,17,14.11
MURANO STYLE GLASS BRACELET BLACK,4,14.0
"WALL ART , THE MAGIC FOREST",2,13.9
CRYSTAL CZECH CROSS PHONE CHARM,19,13.69
LIGHT PINK FLOCK GLASS CANDLEHOLDER,36,13.68
GREEN/BLUE FLOWER DESIGN BIG MUG,23,13.65
PINK HANGING GINGHAM EASTER HEN,32,13.44
BLUE HANGING GINGHAM EASTER HEN,32,13.44
GREEN DROP EARRINGS W BEAD CLUSTER,4,13.4
CHRISTMAS TABLE CANDLE SILVER SPIKE,16,13.28
72 CAKE CASES VINTAGE CHRISTMAS,24,13.2
GREEN/BLUE CERAMIC CANDLE HOLDER,8,13.2
DIAMANTE HAIR GRIP PACK/2 MONTANA,8,13.2
WISE MAN STAR SHAPE EGG PAN,24,13.14
SET/3 TALL GLASS CANDLE HOLDER PINK,1,12.75
PINK TALL PORCELAIN T-LIGHT HOLDER,5,12.75
5 STRAND GLASS NECKLACE AMETHYST,2,12.7
5 STRAND GLASS NECKLACE AMBER,2,12.7
MARIE ANTOIENETT TRINKET BOX GOLD,1,12.5
BLUE TEATIME PRINT BOWL,10,12.5
BLUE FLOCK CUSHION COVER,6,12.5
ASS COL SMALL SAND GECKO P'WEIGHT,29,12.18
PURPLE CHUNKY GLASS+BEAD NECKLACE,1,11.95
LASER CUT MULTI STRAND NECKLACE,1,11.95
PINK BAROQUE FLOCK CANDLE HOLDER,2,11.9
BLUE GINGHAM ROSE CUSHION COVER,2,11.9
BLUE WHITE PLASTIC RINGS LAMPSHADE,14,11.9
RED WHITE SCARF  HOT WATER BOTTLE,3,11.85
GLASS BEAD HOOP EARRINGS BLACK,4,11.8
GLASS BEAD HOOP EARRINGS AMETHYST,4,11.8
ECONOMY HOLIDAY PURSE,4,11.8
BLUE BREAKFAST CUP AND SAUCER,4,11.8
"ACRYLIC JEWEL ICICLE, BLUE",31,11.78
POP ART PUSH DOWN RUBBER,98,11.76
QUEEN OF THE SKIES HOLIDAY PURSE,3,11.69
BLUE GREEN EMBROIDERY COSMETIC BAG,3,11.69
SMALL SINGLE FLAME CANDLE HOLDER,33,11.55
SET/4 GARDEN ROSE DINNER CANDLE,7,11.55
PINK HEART RED HANDBAG,4,11.31
POCKET MIRROR WOODLAND,9,11.25
PINK EASTER HENS+FLOWER,3,11.25
JET BLACK LAS VEGAS BRACELET ROUND,3,11.25
GINGHAM OVEN GLOVE RED HEART,3,11.25
"FOOD COVER WITH BEADS , SET 2 SIZES",3,11.25
THE KING GIFT BAG,17,11.05
"LETTER ""P"" BLING KEY RING",28,11.0
YELLOW PINK FLOWER DESIGN BIG BOWL,28,10.92
THE KING GIFT BAG 25x24x12cm,26,10.92
"S/4 ICON COASTER,ELVIS LIVES",25,10.61
WRAP BLUE RUSSIAN FOLKART,25,10.5
WRAP  PINK FLOCK,25,10.5
FLAG OF ST GEORGE CAR FLAG,25,10.5
FOLKART CHRISTMAS TREE T-LIGHT HOLD,27,10.26
PINK BOUDOIR T-LIGHT HOLDER,12,10.2
MULTICOLOUR POLKADOT PLATE,12,10.2
FOLKART ZINC STAR CHRISTMAS DEC,12,10.2
BLUE ORGANDY ROUND LAMPSHADE W BEA,12,10.2
LILAC GAUZE BUTTERFLY LAMPSHADE,24,10.08
"LETTER ""N"" BLING KEY RING",18,10.02
ZINC STAR T-LIGHT HOLDER,8,10.0
PINK CHRISTMAS FLOCK DROPLET,8,10.0
S/2 BEACH HUT TREASURE CHESTS,3,9.95
GOLD M.O.P ORBIT BRACELET,2,9.9
LARGE CRYSTAL DIAMANTE HAIRSLIDE,6,9.9
DIAMANTE HAIR GRIP PACK/2 PERIDOT,6,9.9
DIAMANTE HAIR GRIP PACK/2 CRYSTAL,6,9.9
LILAC FEATHERS CURTAIN,12,9.48
HAND PAINTED HANGING EASTER EGG,22,9.24
ENAMEL BLUE RIM TEA CONTAINER,8,9.18
AMBER GLASS/SHELL/PEARL NECKLACE,1,8.95
VINTAGE NOTEBOOK BEAUTY GIRL,3,8.85
RED ROSE AND LACE C/COVER,3,8.85
FOLDING SHOE TIDY,3,8.85
RED PURSE WITH PINK HEART,7,8.75
CUTE BIRD CEATURE SCREEN,22,8.58
WHITE MURANO TWIST BRACELET,2,8.5
WHITE FRANGIPANI HAIR CLIP,10,8.5
SILVER BOOK MARK WITH BEADS,10,8.5
NEW BAROQUE B'FLY NECKLACE PINK,1,8.5
M/COLOUR POM-POM CURTAIN,2,8.5
BEADED LOVE HEART JEWELLERY SET,10,8.5
ANTIQUE RASPBERRY FLOWER EARRINGS,2,8.5
ANTIQUE OPAL WHITE FLOWER EARRINGS,2,8.5
HEART SHAPED MIRROR,5,8.45
LADLE LOVE HEART PINK,19,7.98
SET/3 FLORAL GARDEN TOOLS IN BAG,1,7.95
PSYCHEDELIC METAL SIGN CALENDAR,10,7.9
MAXWELL 2 TONE BLUE 60 PAGE PHOTO A,7,7.85
HANGING BUTTERFLY  EGG,9,7.65
FRESHWATER PEARL BRACELET GOLD,3,7.65
DROP EARRINGS W FLOWER & LEAF,3,7.65
SILICON STAR BULB  BLUE,18,7.56
PINK CHERRY BLOSSOM CUP & SAUCER,6,7.5
EIGHT PIECE CREEPY CRAWLIE SET,6,7.5
BLACK PHOTO ALBUM,15,7.5
BAROQUE BUTTERFLY EARRINGS BLACK,2,7.5
3 WICK CHRISTMAS BRIAR CANDLE,2,7.5
BLUE STRIPES SHOULDER BAG,9,7.47
A4 WALL TIDY RED FLOWERS,13,7.37
JARDIN ETCHED GLASS BUTTER DISH,1,7.25
ARMY CAMO BOOKCOVER TAPE,17,7.14
PEARL AND CHERRY QUARTZ BRACLET,2,7.0
PURPLE ANEMONE ARTIFICIAL FLOWER,4,6.76
BLACK VINT ART DEC CRYSTAL BRACELET,1,6.75
SPOTS ON RED BOOKCOVER TAPE,16,6.72
ELEPHANT CLIP W SUCTION CUP,16,6.72
LARGE BLACK DIAMANTE HAIRSLIDE,4,6.6
BLUE/YELLOW CERAMIC CANDLE HOLDER,4,6.6
ASSORTED COLOUR SILK GLASSES CASE,3,6.3
PINK GAUZE BUTTERFLY LAMPSHADE,15,6.3
"LETTER ""R"" BLING KEY RING",15,6.27
TURQUOISE CHRISTMAS TREE,5,6.25
"POCKET MIRROR ""GLAMOROUS""",5,6.25
BLING KEY RING STAND,6,6.25
"LETTER ""V"" BLING KEY RING",14,5.98
FIRE POLISHED GLASS NECKL GOLD,1,5.95
BLUE/NAT SHELL NECKLACE W PENDANT,1,5.95
BLUE/GREEN SHELL NECKLACE W PENDANT,1,5.95
BLACK FINE BEAD NECKLACE W TASSEL,1,5.95
RASTA IN BATH W SPLIFF ASHTRAY,7,5.95
BLACK FLOWER CANDLE PLATE,7,5.95
WHITE CHRISTMAS TREE 60CM,2,5.9
ST GEORGE SET OF 10 PARTY LIGHTS,2,5.9
GOLD M.O.P. ORBIT NECKLACE,2,5.9
HEN HOUSE WITH CHICK STANDING,14,5.88
"PET MUG, GOLDFISH",27,5.59
WINE BOTTLE DRESSING DARK BLUE,43,5.5
SET OF 3 PINK FLYING DUCKS,1,5.45
MUMMY MOUSE RED GINGHAM RIBBON,1,5.45
ROUND ARTICULATED PINK CLOCK W/SUCK,28,5.32
POLYESTER FILLER PAD 60x40cm,2,5.1
NEW ENGLAND MUG W GIFT BOX,2,5.1
IVORY SHELL HEART EARRINGS,2,5.1
ENVELOPE 50 ROMANTIC IMAGES,6,5.1
CLEAR STATIONERY BOX SET,6,5.1
BLUE FELT HANGING HEART WITH FLOWER,6,5.1
VINTAGE BEAD PINK JEWEL STAND,1,4.95
JADE CRYSTAL+GLASS BRACELET,1,4.95
BLOSSOM IMAGES SCRAP BOOK SET,1,4.95
PINK CRYSTAL SKULL PHONE CHARM,25,4.75
"LETTER ""B"" BLING KEY RING",13,4.73
BLUE NEW BAROQUE FLOCK CANDLESTICK,1,4.65
FLOWER PURPLE CLOCK WITH SUCKER,16,4.64
"SILICON CUBE 25W, BLUE",11,4.62
METAL BASE FOR CANDLES,11,4.62
PINK FLUFFY CHRISTMAS DECORATION,24,4.56
PINK ACRYLIC JEWEL SNOWFLAKE,12,4.56
"GREETING CARD, TWO SISTERS.",24,4.56
3 BLACK CATS W HEARTS BLANK CARD,24,4.56
CUTE RABBIT CEATURE SCREEN,11,4.29
UBO-LIGHT TRIOBASE PURPLE,5,4.25
POTTING SHED SOW 'N' GROW SET,1,4.25
FRYING PAN RED POLKADOT,1,4.25
FLOWER PURPLE CLOCK W/SUCKER,5,4.25
CAKE STAND LACE WHITE,1,4.25
BLUE PADDED SOFT MOBILE,1,4.25
LIGHT DECORATION BATTERY OPERATED,2,4.2
GOLD COSMETIC BAG PINK STAR,2,4.2
I LOVE LONDON MINI RUCKSACK,1,4.15
ASSTD RASTA KEY-CHAINS,9,3.78
BLUE CRUSOE CHECK LAMPSHADE,9,3.78
"LETTER ""F"" BLING KEY RING",13,3.77
ROBOT MUG IN DISPLAY BOX,3,3.75
FIRE POLISHED GLASS BRACELET BLACK,1,3.75
BAROQUE BUTTERFLY EARRINGS CRYSTAL,1,3.75
GOLD PRINT PAPER BAG,19,3.61
FOLDING CAMPING SCISSOR W/KNIF & S,30,3.6
PASTEL PINK PHOTO ALBUM,7,3.5
"LETTER ""Z"" BLING KEY RING",12,3.48
"LETTER ""W"" BLING KEY RING",12,3.48
"LETTER ""U"" BLING KEY RING",12,3.48
"LETTER ""T"" BLING KEY RING",12,3.48
"LETTER ""O"" BLING KEY RING",12,3.48
UBO-LIGHT TRIOBASE BLUE,4,3.4
WHITE ANEMONE ARTIFICIAL FLOWER,2,3.38
PURPLE/BLUE CERAMIC CANDLE HOLDER,2,3.3
HEARTS WRAPPING TAPE,5,3.25
WINE BOTTLE DRESSING LT.BLUE,14,3.04
SET 10 CARDS HANGING BAUBLES 17080,1,2.99
WHITE STONE/CRYSTAL EARRINGS,1,2.95
SILVER AND BLACK ORBIT NECKLACE,1,2.95
MIDNIGHT BLUE CRYSTAL DROP EARRINGS,1,2.95
CHERRY BLOSSOM PURSE,1,2.95
BLACK DROP EARRINGS W LONG BEADS,1,2.95
WHITE ROSEBUD  PEARL EARRINGS,1,2.55
NECKLACE+BRACELET SET PINK DAISY,1,2.55
CRACKED GLAZE EARRINGS RED,1,2.55
CRACKED GLAZE EARRINGS BROWN,1,2.55
LADLE LOVE HEART RED,6,2.52
INCENSE BAZAAR PEACH,6,2.52
PURPLE/TURQ FLOWERS HANDBAG,2,2.5
HAPPY BIRTHDAY CARD STRIPEY TEDDY,13,2.47
BIG POLKADOT MUG,6,2.34
GREEN POP ART MAO CUSHION COVER,12,2.28
DOLPHIN WINDMILL,1,2.12
TEA TIME BREAKFAST BASKET,1,2.1
SET/6 IVORY BIRD T-LIGHT CANDLES,1,2.1
SCALLOP SHELL SOAP DISH,1,2.1
AMBER BERTIE GLASS BEAD BAG CHARM,1,2.1
3 BIRDS CANVAS SCREEN,2,2.04
PINK POLKADOT KIDS BAG,1,1.95
EASTER CRAFT IVY WREATH WITH CHICK,1,1.95
FLOWER SHOP DESIGN MUG,1,1.65
CROCHET LILAC/RED BEAR KEYRING,1,1.65
CROCHET DOG KEYRING,1,1.65
ORANGE FLOWER MUG,4,1.56
CHAMPAGNE TRAY BLANK CARD,8,1.52
ROBIN CHRISTMAS CARD,3,1.26
SET 36 COLOURING PENCILS DOILEY,1,1.25
RUBY GLASS CLUSTER EARRINGS,1,1.25
PACK 4 FLOWER/BUTTERFLY PATCHES,1,1.25
ORANGE FELT VASE + FLOWERS,1,1.25
FUNKY MONKEY MUG,1,1.25
DUSTY PINK CHRISTMAS TREE 30CM,1,1.25
BLUE LEAVES AND BEADS PHONE CHARM,1,1.25
BLACKCHRISTMAS TREE 30CM,1,1.25
60 GOLD AND SILVER FAIRY CAKE CASES,2,1.1
HAPPY BIRTHDAY CARD TEDDY/CAKE,5,0.95
CAT WITH SUNGLASSES BLANK CARD,5,0.95
PURPLE FRANGIPANI HAIRCLIP,1,0.85
PINK CRYSTAL GUITAR PHONE CHARM,1,0.85
VINTAGE BLUE TINSEL REEL,2,0.84
SET 12 COLOURING PENCILS DOILEY,1,0.65
HEN HOUSE W CHICK IN NEST,1,0.42
PADS TO MATCH ALL CUSHIONS,3,0.003
